"sk_data","data","ano","trimestre","mes","nome_mes","dia","dia_semana_num","nome_dia_semana","eh_fim_de_semana"
"20220101","2022-01-01","2022","1","1","Janeiro","1","6","Sabado","1"
"20220102","2022-01-02","2022","1","1","Janeiro","2","0","Domingo","1"
"20220103","2022-01-03","2022","1","1","Janeiro","3","1","Segunda-feira","0"
"20220104","2022-01-04","2022","1","1","Janeiro","4","2","Terca-feira","0"
"20220105","2022-01-05","2022","1","1","Janeiro","5","3","Quarta-feira","0"
"20220106","2022-01-06","2022","1","1","Janeiro","6","4","Quinta-feira","0"
"20220107","2022-01-07","2022","1","1","Janeiro","7","5","Sexta-feira","0"
"20220108","2022-01-08","2022","1","1","Janeiro","8","6","Sabado","1"
"20220109","2022-01-09","2022","1","1","Janeiro","9","0","Domingo","1"
"20220110","2022-01-10","2022","1","1","Janeiro","10","1","Segunda-feira","0"
"20220111","2022-01-11","2022","1","1","Janeiro","11","2","Terca-feira","0"
"20220112","2022-01-12","2022","1","1","Janeiro","12","3","Quarta-feira","0"
"20220113","2022-01-13","2022","1","1","Janeiro","13","4","Quinta-feira","0"
"20220114","2022-01-14","2022","1","1","Janeiro","14","5","Sexta-feira","0"
"20220115","2022-01-15","2022","1","1","Janeiro","15","6","Sabado","1"
"20220116","2022-01-16","2022","1","1","Janeiro","16","0","Domingo","1"
"20220117","2022-01-17","2022","1","1","Janeiro","17","1","Segunda-feira","0"
"20220118","2022-01-18","2022","1","1","Janeiro","18","2","Terca-feira","0"
"20220119","2022-01-19","2022","1","1","Janeiro","19","3","Quarta-feira","0"
"20220120","2022-01-20","2022","1","1","Janeiro","20","4","Quinta-feira","0"
"20220121","2022-01-21","2022","1","1","Janeiro","21","5","Sexta-feira","0"
"20220122","2022-01-22","2022","1","1","Janeiro","22","6","Sabado","1"
"20220123","2022-01-23","2022","1","1","Janeiro","23","0","Domingo","1"
"20220124","2022-01-24","2022","1","1","Janeiro","24","1","Segunda-feira","0"
"20220125","2022-01-25","2022","1","1","Janeiro","25","2","Terca-feira","0"
"20220126","2022-01-26","2022","1","1","Janeiro","26","3","Quarta-feira","0"
"20220127","2022-01-27","2022","1","1","Janeiro","27","4","Quinta-feira","0"
"20220128","2022-01-28","2022","1","1","Janeiro","28","5","Sexta-feira","0"
"20220129","2022-01-29","2022","1","1","Janeiro","29","6","Sabado","1"
"20220130","2022-01-30","2022","1","1","Janeiro","30","0","Domingo","1"
"20220131","2022-01-31","2022","1","1","Janeiro","31","1","Segunda-feira","0"
"20220201","2022-02-01","2022","1","2","Fevereiro","1","2","Terca-feira","0"
"20220202","2022-02-02","2022","1","2","Fevereiro","2","3","Quarta-feira","0"
"20220203","2022-02-03","2022","1","2","Fevereiro","3","4","Quinta-feira","0"
"20220204","2022-02-04","2022","1","2","Fevereiro","4","5","Sexta-feira","0"
"20220205","2022-02-05","2022","1","2","Fevereiro","5","6","Sabado","1"
"20220206","2022-02-06","2022","1","2","Fevereiro","6","0","Domingo","1"
"20220207","2022-02-07","2022","1","2","Fevereiro","7","1","Segunda-feira","0"
"20220208","2022-02-08","2022","1","2","Fevereiro","8","2","Terca-feira","0"
"20220209","2022-02-09","2022","1","2","Fevereiro","9","3","Quarta-feira","0"
"20220210","2022-02-10","2022","1","2","Fevereiro","10","4","Quinta-feira","0"
"20220211","2022-02-11","2022","1","2","Fevereiro","11","5","Sexta-feira","0"
"20220212","2022-02-12","2022","1","2","Fevereiro","12","6","Sabado","1"
"20220213","2022-02-13","2022","1","2","Fevereiro","13","0","Domingo","1"
"20220214","2022-02-14","2022","1","2","Fevereiro","14","1","Segunda-feira","0"
"20220215","2022-02-15","2022","1","2","Fevereiro","15","2","Terca-feira","0"
"20220216","2022-02-16","2022","1","2","Fevereiro","16","3","Quarta-feira","0"
"20220217","2022-02-17","2022","1","2","Fevereiro","17","4","Quinta-feira","0"
"20220218","2022-02-18","2022","1","2","Fevereiro","18","5","Sexta-feira","0"
"20220219","2022-02-19","2022","1","2","Fevereiro","19","6","Sabado","1"
"20220220","2022-02-20","2022","1","2","Fevereiro","20","0","Domingo","1"
"20220221","2022-02-21","2022","1","2","Fevereiro","21","1","Segunda-feira","0"
"20220222","2022-02-22","2022","1","2","Fevereiro","22","2","Terca-feira","0"
"20220223","2022-02-23","2022","1","2","Fevereiro","23","3","Quarta-feira","0"
"20220224","2022-02-24","2022","1","2","Fevereiro","24","4","Quinta-feira","0"
"20220225","2022-02-25","2022","1","2","Fevereiro","25","5","Sexta-feira","0"
"20220226","2022-02-26","2022","1","2","Fevereiro","26","6","Sabado","1"
"20220227","2022-02-27","2022","1","2","Fevereiro","27","0","Domingo","1"
"20220228","2022-02-28","2022","1","2","Fevereiro","28","1","Segunda-feira","0"
"20220301","2022-03-01","2022","1","3","Marco","1","2","Terca-feira","0"
"20220302","2022-03-02","2022","1","3","Marco","2","3","Quarta-feira","0"
"20220303","2022-03-03","2022","1","3","Marco","3","4","Quinta-feira","0"
"20220304","2022-03-04","2022","1","3","Marco","4","5","Sexta-feira","0"
"20220305","2022-03-05","2022","1","3","Marco","5","6","Sabado","1"
"20220306","2022-03-06","2022","1","3","Marco","6","0","Domingo","1"
"20220307","2022-03-07","2022","1","3","Marco","7","1","Segunda-feira","0"
"20220308","2022-03-08","2022","1","3","Marco","8","2","Terca-feira","0"
"20220309","2022-03-09","2022","1","3","Marco","9","3","Quarta-feira","0"
"20220310","2022-03-10","2022","1","3","Marco","10","4","Quinta-feira","0"
"20220311","2022-03-11","2022","1","3","Marco","11","5","Sexta-feira","0"
"20220312","2022-03-12","2022","1","3","Marco","12","6","Sabado","1"
"20220313","2022-03-13","2022","1","3","Marco","13","0","Domingo","1"
"20220314","2022-03-14","2022","1","3","Marco","14","1","Segunda-feira","0"
"20220315","2022-03-15","2022","1","3","Marco","15","2","Terca-feira","0"
"20220316","2022-03-16","2022","1","3","Marco","16","3","Quarta-feira","0"
"20220317","2022-03-17","2022","1","3","Marco","17","4","Quinta-feira","0"
"20220318","2022-03-18","2022","1","3","Marco","18","5","Sexta-feira","0"
"20220319","2022-03-19","2022","1","3","Marco","19","6","Sabado","1"
"20220320","2022-03-20","2022","1","3","Marco","20","0","Domingo","1"
"20220321","2022-03-21","2022","1","3","Marco","21","1","Segunda-feira","0"
"20220322","2022-03-22","2022","1","3","Marco","22","2","Terca-feira","0"
"20220323","2022-03-23","2022","1","3","Marco","23","3","Quarta-feira","0"
"20220324","2022-03-24","2022","1","3","Marco","24","4","Quinta-feira","0"
"20220325","2022-03-25","2022","1","3","Marco","25","5","Sexta-feira","0"
"20220326","2022-03-26","2022","1","3","Marco","26","6","Sabado","1"
"20220327","2022-03-27","2022","1","3","Marco","27","0","Domingo","1"
"20220328","2022-03-28","2022","1","3","Marco","28","1","Segunda-feira","0"
"20220329","2022-03-29","2022","1","3","Marco","29","2","Terca-feira","0"
"20220330","2022-03-30","2022","1","3","Marco","30","3","Quarta-feira","0"
"20220331","2022-03-31","2022","1","3","Marco","31","4","Quinta-feira","0"
"20220401","2022-04-01","2022","2","4","Abril","1","5","Sexta-feira","0"
"20220402","2022-04-02","2022","2","4","Abril","2","6","Sabado","1"
"20220403","2022-04-03","2022","2","4","Abril","3","0","Domingo","1"
"20220404","2022-04-04","2022","2","4","Abril","4","1","Segunda-feira","0"
"20220405","2022-04-05","2022","2","4","Abril","5","2","Terca-feira","0"
"20220406","2022-04-06","2022","2","4","Abril","6","3","Quarta-feira","0"
"20220407","2022-04-07","2022","2","4","Abril","7","4","Quinta-feira","0"
"20220408","2022-04-08","2022","2","4","Abril","8","5","Sexta-feira","0"
"20220409","2022-04-09","2022","2","4","Abril","9","6","Sabado","1"
"20220410","2022-04-10","2022","2","4","Abril","10","0","Domingo","1"
"20220411","2022-04-11","2022","2","4","Abril","11","1","Segunda-feira","0"
"20220412","2022-04-12","2022","2","4","Abril","12","2","Terca-feira","0"
"20220413","2022-04-13","2022","2","4","Abril","13","3","Quarta-feira","0"
"20220414","2022-04-14","2022","2","4","Abril","14","4","Quinta-feira","0"
"20220415","2022-04-15","2022","2","4","Abril","15","5","Sexta-feira","0"
"20220416","2022-04-16","2022","2","4","Abril","16","6","Sabado","1"
"20220417","2022-04-17","2022","2","4","Abril","17","0","Domingo","1"
"20220418","2022-04-18","2022","2","4","Abril","18","1","Segunda-feira","0"
"20220419","2022-04-19","2022","2","4","Abril","19","2","Terca-feira","0"
"20220420","2022-04-20","2022","2","4","Abril","20","3","Quarta-feira","0"
"20220421","2022-04-21","2022","2","4","Abril","21","4","Quinta-feira","0"
"20220422","2022-04-22","2022","2","4","Abril","22","5","Sexta-feira","0"
"20220423","2022-04-23","2022","2","4","Abril","23","6","Sabado","1"
"20220424","2022-04-24","2022","2","4","Abril","24","0","Domingo","1"
"20220425","2022-04-25","2022","2","4","Abril","25","1","Segunda-feira","0"
"20220426","2022-04-26","2022","2","4","Abril","26","2","Terca-feira","0"
"20220427","2022-04-27","2022","2","4","Abril","27","3","Quarta-feira","0"
"20220428","2022-04-28","2022","2","4","Abril","28","4","Quinta-feira","0"
"20220429","2022-04-29","2022","2","4","Abril","29","5","Sexta-feira","0"
"20220430","2022-04-30","2022","2","4","Abril","30","6","Sabado","1"
"20220501","2022-05-01","2022","2","5","Maio","1","0","Domingo","1"
"20220502","2022-05-02","2022","2","5","Maio","2","1","Segunda-feira","0"
"20220503","2022-05-03","2022","2","5","Maio","3","2","Terca-feira","0"
"20220504","2022-05-04","2022","2","5","Maio","4","3","Quarta-feira","0"
"20220505","2022-05-05","2022","2","5","Maio","5","4","Quinta-feira","0"
"20220506","2022-05-06","2022","2","5","Maio","6","5","Sexta-feira","0"
"20220507","2022-05-07","2022","2","5","Maio","7","6","Sabado","1"
"20220508","2022-05-08","2022","2","5","Maio","8","0","Domingo","1"
"20220509","2022-05-09","2022","2","5","Maio","9","1","Segunda-feira","0"
"20220510","2022-05-10","2022","2","5","Maio","10","2","Terca-feira","0"
"20220511","2022-05-11","2022","2","5","Maio","11","3","Quarta-feira","0"
"20220512","2022-05-12","2022","2","5","Maio","12","4","Quinta-feira","0"
"20220513","2022-05-13","2022","2","5","Maio","13","5","Sexta-feira","0"
"20220514","2022-05-14","2022","2","5","Maio","14","6","Sabado","1"
"20220515","2022-05-15","2022","2","5","Maio","15","0","Domingo","1"
"20220516","2022-05-16","2022","2","5","Maio","16","1","Segunda-feira","0"
"20220517","2022-05-17","2022","2","5","Maio","17","2","Terca-feira","0"
"20220518","2022-05-18","2022","2","5","Maio","18","3","Quarta-feira","0"
"20220519","2022-05-19","2022","2","5","Maio","19","4","Quinta-feira","0"
"20220520","2022-05-20","2022","2","5","Maio","20","5","Sexta-feira","0"
"20220521","2022-05-21","2022","2","5","Maio","21","6","Sabado","1"
"20220522","2022-05-22","2022","2","5","Maio","22","0","Domingo","1"
"20220523","2022-05-23","2022","2","5","Maio","23","1","Segunda-feira","0"
"20220524","2022-05-24","2022","2","5","Maio","24","2","Terca-feira","0"
"20220525","2022-05-25","2022","2","5","Maio","25","3","Quarta-feira","0"
"20220526","2022-05-26","2022","2","5","Maio","26","4","Quinta-feira","0"
"20220527","2022-05-27","2022","2","5","Maio","27","5","Sexta-feira","0"
"20220528","2022-05-28","2022","2","5","Maio","28","6","Sabado","1"
"20220529","2022-05-29","2022","2","5","Maio","29","0","Domingo","1"
"20220530","2022-05-30","2022","2","5","Maio","30","1","Segunda-feira","0"
"20220531","2022-05-31","2022","2","5","Maio","31","2","Terca-feira","0"
"20220601","2022-06-01","2022","2","6","Junho","1","3","Quarta-feira","0"
"20220602","2022-06-02","2022","2","6","Junho","2","4","Quinta-feira","0"
"20220603","2022-06-03","2022","2","6","Junho","3","5","Sexta-feira","0"
"20220604","2022-06-04","2022","2","6","Junho","4","6","Sabado","1"
"20220605","2022-06-05","2022","2","6","Junho","5","0","Domingo","1"
"20220606","2022-06-06","2022","2","6","Junho","6","1","Segunda-feira","0"
"20220607","2022-06-07","2022","2","6","Junho","7","2","Terca-feira","0"
"20220608","2022-06-08","2022","2","6","Junho","8","3","Quarta-feira","0"
"20220609","2022-06-09","2022","2","6","Junho","9","4","Quinta-feira","0"
"20220610","2022-06-10","2022","2","6","Junho","10","5","Sexta-feira","0"
"20220611","2022-06-11","2022","2","6","Junho","11","6","Sabado","1"
"20220612","2022-06-12","2022","2","6","Junho","12","0","Domingo","1"
"20220613","2022-06-13","2022","2","6","Junho","13","1","Segunda-feira","0"
"20220614","2022-06-14","2022","2","6","Junho","14","2","Terca-feira","0"
"20220615","2022-06-15","2022","2","6","Junho","15","3","Quarta-feira","0"
"20220616","2022-06-16","2022","2","6","Junho","16","4","Quinta-feira","0"
"20220617","2022-06-17","2022","2","6","Junho","17","5","Sexta-feira","0"
"20220618","2022-06-18","2022","2","6","Junho","18","6","Sabado","1"
"20220619","2022-06-19","2022","2","6","Junho","19","0","Domingo","1"
"20220620","2022-06-20","2022","2","6","Junho","20","1","Segunda-feira","0"
"20220621","2022-06-21","2022","2","6","Junho","21","2","Terca-feira","0"
"20220622","2022-06-22","2022","2","6","Junho","22","3","Quarta-feira","0"
"20220623","2022-06-23","2022","2","6","Junho","23","4","Quinta-feira","0"
"20220624","2022-06-24","2022","2","6","Junho","24","5","Sexta-feira","0"
"20220625","2022-06-25","2022","2","6","Junho","25","6","Sabado","1"
"20220626","2022-06-26","2022","2","6","Junho","26","0","Domingo","1"
"20220627","2022-06-27","2022","2","6","Junho","27","1","Segunda-feira","0"
"20220628","2022-06-28","2022","2","6","Junho","28","2","Terca-feira","0"
"20220629","2022-06-29","2022","2","6","Junho","29","3","Quarta-feira","0"
"20220630","2022-06-30","2022","2","6","Junho","30","4","Quinta-feira","0"
"20220701","2022-07-01","2022","3","7","Julho","1","5","Sexta-feira","0"
"20220702","2022-07-02","2022","3","7","Julho","2","6","Sabado","1"
"20220703","2022-07-03","2022","3","7","Julho","3","0","Domingo","1"
"20220704","2022-07-04","2022","3","7","Julho","4","1","Segunda-feira","0"
"20220705","2022-07-05","2022","3","7","Julho","5","2","Terca-feira","0"
"20220706","2022-07-06","2022","3","7","Julho","6","3","Quarta-feira","0"
"20220707","2022-07-07","2022","3","7","Julho","7","4","Quinta-feira","0"
"20220708","2022-07-08","2022","3","7","Julho","8","5","Sexta-feira","0"
"20220709","2022-07-09","2022","3","7","Julho","9","6","Sabado","1"
"20220710","2022-07-10","2022","3","7","Julho","10","0","Domingo","1"
"20220711","2022-07-11","2022","3","7","Julho","11","1","Segunda-feira","0"
"20220712","2022-07-12","2022","3","7","Julho","12","2","Terca-feira","0"
"20220713","2022-07-13","2022","3","7","Julho","13","3","Quarta-feira","0"
"20220714","2022-07-14","2022","3","7","Julho","14","4","Quinta-feira","0"
"20220715","2022-07-15","2022","3","7","Julho","15","5","Sexta-feira","0"
"20220716","2022-07-16","2022","3","7","Julho","16","6","Sabado","1"
"20220717","2022-07-17","2022","3","7","Julho","17","0","Domingo","1"
"20220718","2022-07-18","2022","3","7","Julho","18","1","Segunda-feira","0"
"20220719","2022-07-19","2022","3","7","Julho","19","2","Terca-feira","0"
"20220720","2022-07-20","2022","3","7","Julho","20","3","Quarta-feira","0"
"20220721","2022-07-21","2022","3","7","Julho","21","4","Quinta-feira","0"
"20220722","2022-07-22","2022","3","7","Julho","22","5","Sexta-feira","0"
"20220723","2022-07-23","2022","3","7","Julho","23","6","Sabado","1"
"20220724","2022-07-24","2022","3","7","Julho","24","0","Domingo","1"
"20220725","2022-07-25","2022","3","7","Julho","25","1","Segunda-feira","0"
"20220726","2022-07-26","2022","3","7","Julho","26","2","Terca-feira","0"
"20220727","2022-07-27","2022","3","7","Julho","27","3","Quarta-feira","0"
"20220728","2022-07-28","2022","3","7","Julho","28","4","Quinta-feira","0"
"20220729","2022-07-29","2022","3","7","Julho","29","5","Sexta-feira","0"
"20220730","2022-07-30","2022","3","7","Julho","30","6","Sabado","1"
"20220731","2022-07-31","2022","3","7","Julho","31","0","Domingo","1"
"20220801","2022-08-01","2022","3","8","Agosto","1","1","Segunda-feira","0"
"20220802","2022-08-02","2022","3","8","Agosto","2","2","Terca-feira","0"
"20220803","2022-08-03","2022","3","8","Agosto","3","3","Quarta-feira","0"
"20220804","2022-08-04","2022","3","8","Agosto","4","4","Quinta-feira","0"
"20220805","2022-08-05","2022","3","8","Agosto","5","5","Sexta-feira","0"
"20220806","2022-08-06","2022","3","8","Agosto","6","6","Sabado","1"
"20220807","2022-08-07","2022","3","8","Agosto","7","0","Domingo","1"
"20220808","2022-08-08","2022","3","8","Agosto","8","1","Segunda-feira","0"
"20220809","2022-08-09","2022","3","8","Agosto","9","2","Terca-feira","0"
"20220810","2022-08-10","2022","3","8","Agosto","10","3","Quarta-feira","0"
"20220811","2022-08-11","2022","3","8","Agosto","11","4","Quinta-feira","0"
"20220812","2022-08-12","2022","3","8","Agosto","12","5","Sexta-feira","0"
"20220813","2022-08-13","2022","3","8","Agosto","13","6","Sabado","1"
"20220814","2022-08-14","2022","3","8","Agosto","14","0","Domingo","1"
"20220815","2022-08-15","2022","3","8","Agosto","15","1","Segunda-feira","0"
"20220816","2022-08-16","2022","3","8","Agosto","16","2","Terca-feira","0"
"20220817","2022-08-17","2022","3","8","Agosto","17","3","Quarta-feira","0"
"20220818","2022-08-18","2022","3","8","Agosto","18","4","Quinta-feira","0"
"20220819","2022-08-19","2022","3","8","Agosto","19","5","Sexta-feira","0"
"20220820","2022-08-20","2022","3","8","Agosto","20","6","Sabado","1"
"20220821","2022-08-21","2022","3","8","Agosto","21","0","Domingo","1"
"20220822","2022-08-22","2022","3","8","Agosto","22","1","Segunda-feira","0"
"20220823","2022-08-23","2022","3","8","Agosto","23","2","Terca-feira","0"
"20220824","2022-08-24","2022","3","8","Agosto","24","3","Quarta-feira","0"
"20220825","2022-08-25","2022","3","8","Agosto","25","4","Quinta-feira","0"
"20220826","2022-08-26","2022","3","8","Agosto","26","5","Sexta-feira","0"
"20220827","2022-08-27","2022","3","8","Agosto","27","6","Sabado","1"
"20220828","2022-08-28","2022","3","8","Agosto","28","0","Domingo","1"
"20220829","2022-08-29","2022","3","8","Agosto","29","1","Segunda-feira","0"
"20220830","2022-08-30","2022","3","8","Agosto","30","2","Terca-feira","0"
"20220831","2022-08-31","2022","3","8","Agosto","31","3","Quarta-feira","0"
"20220901","2022-09-01","2022","3","9","Setembro","1","4","Quinta-feira","0"
"20220902","2022-09-02","2022","3","9","Setembro","2","5","Sexta-feira","0"
"20220903","2022-09-03","2022","3","9","Setembro","3","6","Sabado","1"
"20220904","2022-09-04","2022","3","9","Setembro","4","0","Domingo","1"
"20220905","2022-09-05","2022","3","9","Setembro","5","1","Segunda-feira","0"
"20220906","2022-09-06","2022","3","9","Setembro","6","2","Terca-feira","0"
"20220907","2022-09-07","2022","3","9","Setembro","7","3","Quarta-feira","0"
"20220908","2022-09-08","2022","3","9","Setembro","8","4","Quinta-feira","0"
"20220909","2022-09-09","2022","3","9","Setembro","9","5","Sexta-feira","0"
"20220910","2022-09-10","2022","3","9","Setembro","10","6","Sabado","1"
"20220911","2022-09-11","2022","3","9","Setembro","11","0","Domingo","1"
"20220912","2022-09-12","2022","3","9","Setembro","12","1","Segunda-feira","0"
"20220913","2022-09-13","2022","3","9","Setembro","13","2","Terca-feira","0"
"20220914","2022-09-14","2022","3","9","Setembro","14","3","Quarta-feira","0"
"20220915","2022-09-15","2022","3","9","Setembro","15","4","Quinta-feira","0"
"20220916","2022-09-16","2022","3","9","Setembro","16","5","Sexta-feira","0"
"20220917","2022-09-17","2022","3","9","Setembro","17","6","Sabado","1"
"20220918","2022-09-18","2022","3","9","Setembro","18","0","Domingo","1"
"20220919","2022-09-19","2022","3","9","Setembro","19","1","Segunda-feira","0"
"20220920","2022-09-20","2022","3","9","Setembro","20","2","Terca-feira","0"
"20220921","2022-09-21","2022","3","9","Setembro","21","3","Quarta-feira","0"
"20220922","2022-09-22","2022","3","9","Setembro","22","4","Quinta-feira","0"
"20220923","2022-09-23","2022","3","9","Setembro","23","5","Sexta-feira","0"
"20220924","2022-09-24","2022","3","9","Setembro","24","6","Sabado","1"
"20220925","2022-09-25","2022","3","9","Setembro","25","0","Domingo","1"
"20220926","2022-09-26","2022","3","9","Setembro","26","1","Segunda-feira","0"
"20220927","2022-09-27","2022","3","9","Setembro","27","2","Terca-feira","0"
"20220928","2022-09-28","2022","3","9","Setembro","28","3","Quarta-feira","0"
"20220929","2022-09-29","2022","3","9","Setembro","29","4","Quinta-feira","0"
"20220930","2022-09-30","2022","3","9","Setembro","30","5","Sexta-feira","0"
"20221001","2022-10-01","2022","4","10","Outubro","1","6","Sabado","1"
"20221002","2022-10-02","2022","4","10","Outubro","2","0","Domingo","1"
"20221003","2022-10-03","2022","4","10","Outubro","3","1","Segunda-feira","0"
"20221004","2022-10-04","2022","4","10","Outubro","4","2","Terca-feira","0"
"20221005","2022-10-05","2022","4","10","Outubro","5","3","Quarta-feira","0"
"20221006","2022-10-06","2022","4","10","Outubro","6","4","Quinta-feira","0"
"20221007","2022-10-07","2022","4","10","Outubro","7","5","Sexta-feira","0"
"20221008","2022-10-08","2022","4","10","Outubro","8","6","Sabado","1"
"20221009","2022-10-09","2022","4","10","Outubro","9","0","Domingo","1"
"20221010","2022-10-10","2022","4","10","Outubro","10","1","Segunda-feira","0"
"20221011","2022-10-11","2022","4","10","Outubro","11","2","Terca-feira","0"
"20221012","2022-10-12","2022","4","10","Outubro","12","3","Quarta-feira","0"
"20221013","2022-10-13","2022","4","10","Outubro","13","4","Quinta-feira","0"
"20221014","2022-10-14","2022","4","10","Outubro","14","5","Sexta-feira","0"
"20221015","2022-10-15","2022","4","10","Outubro","15","6","Sabado","1"
"20221016","2022-10-16","2022","4","10","Outubro","16","0","Domingo","1"
"20221017","2022-10-17","2022","4","10","Outubro","17","1","Segunda-feira","0"
"20221018","2022-10-18","2022","4","10","Outubro","18","2","Terca-feira","0"
"20221019","2022-10-19","2022","4","10","Outubro","19","3","Quarta-feira","0"
"20221020","2022-10-20","2022","4","10","Outubro","20","4","Quinta-feira","0"
"20221021","2022-10-21","2022","4","10","Outubro","21","5","Sexta-feira","0"
"20221022","2022-10-22","2022","4","10","Outubro","22","6","Sabado","1"
"20221023","2022-10-23","2022","4","10","Outubro","23","0","Domingo","1"
"20221024","2022-10-24","2022","4","10","Outubro","24","1","Segunda-feira","0"
"20221025","2022-10-25","2022","4","10","Outubro","25","2","Terca-feira","0"
"20221026","2022-10-26","2022","4","10","Outubro","26","3","Quarta-feira","0"
"20221027","2022-10-27","2022","4","10","Outubro","27","4","Quinta-feira","0"
"20221028","2022-10-28","2022","4","10","Outubro","28","5","Sexta-feira","0"
"20221029","2022-10-29","2022","4","10","Outubro","29","6","Sabado","1"
"20221030","2022-10-30","2022","4","10","Outubro","30","0","Domingo","1"
"20221031","2022-10-31","2022","4","10","Outubro","31","1","Segunda-feira","0"
"20221101","2022-11-01","2022","4","11","Novembro","1","2","Terca-feira","0"
"20221102","2022-11-02","2022","4","11","Novembro","2","3","Quarta-feira","0"
"20221103","2022-11-03","2022","4","11","Novembro","3","4","Quinta-feira","0"
"20221104","2022-11-04","2022","4","11","Novembro","4","5","Sexta-feira","0"
"20221105","2022-11-05","2022","4","11","Novembro","5","6","Sabado","1"
"20221106","2022-11-06","2022","4","11","Novembro","6","0","Domingo","1"
"20221107","2022-11-07","2022","4","11","Novembro","7","1","Segunda-feira","0"
"20221108","2022-11-08","2022","4","11","Novembro","8","2","Terca-feira","0"
"20221109","2022-11-09","2022","4","11","Novembro","9","3","Quarta-feira","0"
"20221110","2022-11-10","2022","4","11","Novembro","10","4","Quinta-feira","0"
"20221111","2022-11-11","2022","4","11","Novembro","11","5","Sexta-feira","0"
"20221112","2022-11-12","2022","4","11","Novembro","12","6","Sabado","1"
"20221113","2022-11-13","2022","4","11","Novembro","13","0","Domingo","1"
"20221114","2022-11-14","2022","4","11","Novembro","14","1","Segunda-feira","0"
"20221115","2022-11-15","2022","4","11","Novembro","15","2","Terca-feira","0"
"20221116","2022-11-16","2022","4","11","Novembro","16","3","Quarta-feira","0"
"20221117","2022-11-17","2022","4","11","Novembro","17","4","Quinta-feira","0"
"20221118","2022-11-18","2022","4","11","Novembro","18","5","Sexta-feira","0"
"20221119","2022-11-19","2022","4","11","Novembro","19","6","Sabado","1"
"20221120","2022-11-20","2022","4","11","Novembro","20","0","Domingo","1"
"20221121","2022-11-21","2022","4","11","Novembro","21","1","Segunda-feira","0"
"20221122","2022-11-22","2022","4","11","Novembro","22","2","Terca-feira","0"
"20221123","2022-11-23","2022","4","11","Novembro","23","3","Quarta-feira","0"
"20221124","2022-11-24","2022","4","11","Novembro","24","4","Quinta-feira","0"
"20221125","2022-11-25","2022","4","11","Novembro","25","5","Sexta-feira","0"
"20221126","2022-11-26","2022","4","11","Novembro","26","6","Sabado","1"
"20221127","2022-11-27","2022","4","11","Novembro","27","0","Domingo","1"
"20221128","2022-11-28","2022","4","11","Novembro","28","1","Segunda-feira","0"
"20221129","2022-11-29","2022","4","11","Novembro","29","2","Terca-feira","0"
"20221130","2022-11-30","2022","4","11","Novembro","30","3","Quarta-feira","0"
"20221201","2022-12-01","2022","4","12","Dezembro","1","4","Quinta-feira","0"
"20221202","2022-12-02","2022","4","12","Dezembro","2","5","Sexta-feira","0"
"20221203","2022-12-03","2022","4","12","Dezembro","3","6","Sabado","1"
"20221204","2022-12-04","2022","4","12","Dezembro","4","0","Domingo","1"
"20221205","2022-12-05","2022","4","12","Dezembro","5","1","Segunda-feira","0"
"20221206","2022-12-06","2022","4","12","Dezembro","6","2","Terca-feira","0"
"20221207","2022-12-07","2022","4","12","Dezembro","7","3","Quarta-feira","0"
"20221208","2022-12-08","2022","4","12","Dezembro","8","4","Quinta-feira","0"
"20221209","2022-12-09","2022","4","12","Dezembro","9","5","Sexta-feira","0"
"20221210","2022-12-10","2022","4","12","Dezembro","10","6","Sabado","1"
"20221211","2022-12-11","2022","4","12","Dezembro","11","0","Domingo","1"
"20221212","2022-12-12","2022","4","12","Dezembro","12","1","Segunda-feira","0"
"20221213","2022-12-13","2022","4","12","Dezembro","13","2","Terca-feira","0"
"20221214","2022-12-14","2022","4","12","Dezembro","14","3","Quarta-feira","0"
"20221215","2022-12-15","2022","4","12","Dezembro","15","4","Quinta-feira","0"
"20221216","2022-12-16","2022","4","12","Dezembro","16","5","Sexta-feira","0"
"20221217","2022-12-17","2022","4","12","Dezembro","17","6","Sabado","1"
"20221218","2022-12-18","2022","4","12","Dezembro","18","0","Domingo","1"
"20221219","2022-12-19","2022","4","12","Dezembro","19","1","Segunda-feira","0"
"20221220","2022-12-20","2022","4","12","Dezembro","20","2","Terca-feira","0"
"20221221","2022-12-21","2022","4","12","Dezembro","21","3","Quarta-feira","0"
"20221222","2022-12-22","2022","4","12","Dezembro","22","4","Quinta-feira","0"
"20221223","2022-12-23","2022","4","12","Dezembro","23","5","Sexta-feira","0"
"20221224","2022-12-24","2022","4","12","Dezembro","24","6","Sabado","1"
"20221225","2022-12-25","2022","4","12","Dezembro","25","0","Domingo","1"
"20221226","2022-12-26","2022","4","12","Dezembro","26","1","Segunda-feira","0"
"20221227","2022-12-27","2022","4","12","Dezembro","27","2","Terca-feira","0"
"20221228","2022-12-28","2022","4","12","Dezembro","28","3","Quarta-feira","0"
"20221229","2022-12-29","2022","4","12","Dezembro","29","4","Quinta-feira","0"
"20221230","2022-12-30","2022","4","12","Dezembro","30","5","Sexta-feira","0"
"20221231","2022-12-31","2022","4","12","Dezembro","31","6","Sabado","1"
"20230101","2023-01-01","2023","1","1","Janeiro","1","0","Domingo","1"
"20230102","2023-01-02","2023","1","1","Janeiro","2","1","Segunda-feira","0"
"20230103","2023-01-03","2023","1","1","Janeiro","3","2","Terca-feira","0"
"20230104","2023-01-04","2023","1","1","Janeiro","4","3","Quarta-feira","0"
"20230105","2023-01-05","2023","1","1","Janeiro","5","4","Quinta-feira","0"
"20230106","2023-01-06","2023","1","1","Janeiro","6","5","Sexta-feira","0"
"20230107","2023-01-07","2023","1","1","Janeiro","7","6","Sabado","1"
"20230108","2023-01-08","2023","1","1","Janeiro","8","0","Domingo","1"
"20230109","2023-01-09","2023","1","1","Janeiro","9","1","Segunda-feira","0"
"20230110","2023-01-10","2023","1","1","Janeiro","10","2","Terca-feira","0"
"20230111","2023-01-11","2023","1","1","Janeiro","11","3","Quarta-feira","0"
"20230112","2023-01-12","2023","1","1","Janeiro","12","4","Quinta-feira","0"
"20230113","2023-01-13","2023","1","1","Janeiro","13","5","Sexta-feira","0"
"20230114","2023-01-14","2023","1","1","Janeiro","14","6","Sabado","1"
"20230115","2023-01-15","2023","1","1","Janeiro","15","0","Domingo","1"
"20230116","2023-01-16","2023","1","1","Janeiro","16","1","Segunda-feira","0"
"20230117","2023-01-17","2023","1","1","Janeiro","17","2","Terca-feira","0"
"20230118","2023-01-18","2023","1","1","Janeiro","18","3","Quarta-feira","0"
"20230119","2023-01-19","2023","1","1","Janeiro","19","4","Quinta-feira","0"
"20230120","2023-01-20","2023","1","1","Janeiro","20","5","Sexta-feira","0"
"20230121","2023-01-21","2023","1","1","Janeiro","21","6","Sabado","1"
"20230122","2023-01-22","2023","1","1","Janeiro","22","0","Domingo","1"
"20230123","2023-01-23","2023","1","1","Janeiro","23","1","Segunda-feira","0"
"20230124","2023-01-24","2023","1","1","Janeiro","24","2","Terca-feira","0"
"20230125","2023-01-25","2023","1","1","Janeiro","25","3","Quarta-feira","0"
"20230126","2023-01-26","2023","1","1","Janeiro","26","4","Quinta-feira","0"
"20230127","2023-01-27","2023","1","1","Janeiro","27","5","Sexta-feira","0"
"20230128","2023-01-28","2023","1","1","Janeiro","28","6","Sabado","1"
"20230129","2023-01-29","2023","1","1","Janeiro","29","0","Domingo","1"
"20230130","2023-01-30","2023","1","1","Janeiro","30","1","Segunda-feira","0"
"20230131","2023-01-31","2023","1","1","Janeiro","31","2","Terca-feira","0"
"20230201","2023-02-01","2023","1","2","Fevereiro","1","3","Quarta-feira","0"
"20230202","2023-02-02","2023","1","2","Fevereiro","2","4","Quinta-feira","0"
"20230203","2023-02-03","2023","1","2","Fevereiro","3","5","Sexta-feira","0"
"20230204","2023-02-04","2023","1","2","Fevereiro","4","6","Sabado","1"
"20230205","2023-02-05","2023","1","2","Fevereiro","5","0","Domingo","1"
"20230206","2023-02-06","2023","1","2","Fevereiro","6","1","Segunda-feira","0"
"20230207","2023-02-07","2023","1","2","Fevereiro","7","2","Terca-feira","0"
"20230208","2023-02-08","2023","1","2","Fevereiro","8","3","Quarta-feira","0"
"20230209","2023-02-09","2023","1","2","Fevereiro","9","4","Quinta-feira","0"
"20230210","2023-02-10","2023","1","2","Fevereiro","10","5","Sexta-feira","0"
"20230211","2023-02-11","2023","1","2","Fevereiro","11","6","Sabado","1"
"20230212","2023-02-12","2023","1","2","Fevereiro","12","0","Domingo","1"
"20230213","2023-02-13","2023","1","2","Fevereiro","13","1","Segunda-feira","0"
"20230214","2023-02-14","2023","1","2","Fevereiro","14","2","Terca-feira","0"
"20230215","2023-02-15","2023","1","2","Fevereiro","15","3","Quarta-feira","0"
"20230216","2023-02-16","2023","1","2","Fevereiro","16","4","Quinta-feira","0"
"20230217","2023-02-17","2023","1","2","Fevereiro","17","5","Sexta-feira","0"
"20230218","2023-02-18","2023","1","2","Fevereiro","18","6","Sabado","1"
"20230219","2023-02-19","2023","1","2","Fevereiro","19","0","Domingo","1"
"20230220","2023-02-20","2023","1","2","Fevereiro","20","1","Segunda-feira","0"
"20230221","2023-02-21","2023","1","2","Fevereiro","21","2","Terca-feira","0"
"20230222","2023-02-22","2023","1","2","Fevereiro","22","3","Quarta-feira","0"
"20230223","2023-02-23","2023","1","2","Fevereiro","23","4","Quinta-feira","0"
"20230224","2023-02-24","2023","1","2","Fevereiro","24","5","Sexta-feira","0"
"20230225","2023-02-25","2023","1","2","Fevereiro","25","6","Sabado","1"
"20230226","2023-02-26","2023","1","2","Fevereiro","26","0","Domingo","1"
"20230227","2023-02-27","2023","1","2","Fevereiro","27","1","Segunda-feira","0"
"20230228","2023-02-28","2023","1","2","Fevereiro","28","2","Terca-feira","0"
"20230301","2023-03-01","2023","1","3","Marco","1","3","Quarta-feira","0"
"20230302","2023-03-02","2023","1","3","Marco","2","4","Quinta-feira","0"
"20230303","2023-03-03","2023","1","3","Marco","3","5","Sexta-feira","0"
"20230304","2023-03-04","2023","1","3","Marco","4","6","Sabado","1"
"20230305","2023-03-05","2023","1","3","Marco","5","0","Domingo","1"
"20230306","2023-03-06","2023","1","3","Marco","6","1","Segunda-feira","0"
"20230307","2023-03-07","2023","1","3","Marco","7","2","Terca-feira","0"
"20230308","2023-03-08","2023","1","3","Marco","8","3","Quarta-feira","0"
"20230309","2023-03-09","2023","1","3","Marco","9","4","Quinta-feira","0"
"20230310","2023-03-10","2023","1","3","Marco","10","5","Sexta-feira","0"
"20230311","2023-03-11","2023","1","3","Marco","11","6","Sabado","1"
"20230312","2023-03-12","2023","1","3","Marco","12","0","Domingo","1"
"20230313","2023-03-13","2023","1","3","Marco","13","1","Segunda-feira","0"
"20230314","2023-03-14","2023","1","3","Marco","14","2","Terca-feira","0"
"20230315","2023-03-15","2023","1","3","Marco","15","3","Quarta-feira","0"
"20230316","2023-03-16","2023","1","3","Marco","16","4","Quinta-feira","0"
"20230317","2023-03-17","2023","1","3","Marco","17","5","Sexta-feira","0"
"20230318","2023-03-18","2023","1","3","Marco","18","6","Sabado","1"
"20230319","2023-03-19","2023","1","3","Marco","19","0","Domingo","1"
"20230320","2023-03-20","2023","1","3","Marco","20","1","Segunda-feira","0"
"20230321","2023-03-21","2023","1","3","Marco","21","2","Terca-feira","0"
"20230322","2023-03-22","2023","1","3","Marco","22","3","Quarta-feira","0"
"20230323","2023-03-23","2023","1","3","Marco","23","4","Quinta-feira","0"
"20230324","2023-03-24","2023","1","3","Marco","24","5","Sexta-feira","0"
"20230325","2023-03-25","2023","1","3","Marco","25","6","Sabado","1"
"20230326","2023-03-26","2023","1","3","Marco","26","0","Domingo","1"
"20230327","2023-03-27","2023","1","3","Marco","27","1","Segunda-feira","0"
"20230328","2023-03-28","2023","1","3","Marco","28","2","Terca-feira","0"
"20230329","2023-03-29","2023","1","3","Marco","29","3","Quarta-feira","0"
"20230330","2023-03-30","2023","1","3","Marco","30","4","Quinta-feira","0"
"20230331","2023-03-31","2023","1","3","Marco","31","5","Sexta-feira","0"
"20230401","2023-04-01","2023","2","4","Abril","1","6","Sabado","1"
"20230402","2023-04-02","2023","2","4","Abril","2","0","Domingo","1"
"20230403","2023-04-03","2023","2","4","Abril","3","1","Segunda-feira","0"
"20230404","2023-04-04","2023","2","4","Abril","4","2","Terca-feira","0"
"20230405","2023-04-05","2023","2","4","Abril","5","3","Quarta-feira","0"
"20230406","2023-04-06","2023","2","4","Abril","6","4","Quinta-feira","0"
"20230407","2023-04-07","2023","2","4","Abril","7","5","Sexta-feira","0"
"20230408","2023-04-08","2023","2","4","Abril","8","6","Sabado","1"
"20230409","2023-04-09","2023","2","4","Abril","9","0","Domingo","1"
"20230410","2023-04-10","2023","2","4","Abril","10","1","Segunda-feira","0"
"20230411","2023-04-11","2023","2","4","Abril","11","2","Terca-feira","0"
"20230412","2023-04-12","2023","2","4","Abril","12","3","Quarta-feira","0"
"20230413","2023-04-13","2023","2","4","Abril","13","4","Quinta-feira","0"
"20230414","2023-04-14","2023","2","4","Abril","14","5","Sexta-feira","0"
"20230415","2023-04-15","2023","2","4","Abril","15","6","Sabado","1"
"20230416","2023-04-16","2023","2","4","Abril","16","0","Domingo","1"
"20230417","2023-04-17","2023","2","4","Abril","17","1","Segunda-feira","0"
"20230418","2023-04-18","2023","2","4","Abril","18","2","Terca-feira","0"
"20230419","2023-04-19","2023","2","4","Abril","19","3","Quarta-feira","0"
"20230420","2023-04-20","2023","2","4","Abril","20","4","Quinta-feira","0"
"20230421","2023-04-21","2023","2","4","Abril","21","5","Sexta-feira","0"
"20230422","2023-04-22","2023","2","4","Abril","22","6","Sabado","1"
"20230423","2023-04-23","2023","2","4","Abril","23","0","Domingo","1"
"20230424","2023-04-24","2023","2","4","Abril","24","1","Segunda-feira","0"
"20230425","2023-04-25","2023","2","4","Abril","25","2","Terca-feira","0"
"20230426","2023-04-26","2023","2","4","Abril","26","3","Quarta-feira","0"
"20230427","2023-04-27","2023","2","4","Abril","27","4","Quinta-feira","0"
"20230428","2023-04-28","2023","2","4","Abril","28","5","Sexta-feira","0"
"20230429","2023-04-29","2023","2","4","Abril","29","6","Sabado","1"
"20230430","2023-04-30","2023","2","4","Abril","30","0","Domingo","1"
"20230501","2023-05-01","2023","2","5","Maio","1","1","Segunda-feira","0"
"20230502","2023-05-02","2023","2","5","Maio","2","2","Terca-feira","0"
"20230503","2023-05-03","2023","2","5","Maio","3","3","Quarta-feira","0"
"20230504","2023-05-04","2023","2","5","Maio","4","4","Quinta-feira","0"
"20230505","2023-05-05","2023","2","5","Maio","5","5","Sexta-feira","0"
"20230506","2023-05-06","2023","2","5","Maio","6","6","Sabado","1"
"20230507","2023-05-07","2023","2","5","Maio","7","0","Domingo","1"
"20230508","2023-05-08","2023","2","5","Maio","8","1","Segunda-feira","0"
"20230509","2023-05-09","2023","2","5","Maio","9","2","Terca-feira","0"
"20230510","2023-05-10","2023","2","5","Maio","10","3","Quarta-feira","0"
"20230511","2023-05-11","2023","2","5","Maio","11","4","Quinta-feira","0"
"20230512","2023-05-12","2023","2","5","Maio","12","5","Sexta-feira","0"
"20230513","2023-05-13","2023","2","5","Maio","13","6","Sabado","1"
"20230514","2023-05-14","2023","2","5","Maio","14","0","Domingo","1"
"20230515","2023-05-15","2023","2","5","Maio","15","1","Segunda-feira","0"
"20230516","2023-05-16","2023","2","5","Maio","16","2","Terca-feira","0"
"20230517","2023-05-17","2023","2","5","Maio","17","3","Quarta-feira","0"
"20230518","2023-05-18","2023","2","5","Maio","18","4","Quinta-feira","0"
"20230519","2023-05-19","2023","2","5","Maio","19","5","Sexta-feira","0"
"20230520","2023-05-20","2023","2","5","Maio","20","6","Sabado","1"
"20230521","2023-05-21","2023","2","5","Maio","21","0","Domingo","1"
"20230522","2023-05-22","2023","2","5","Maio","22","1","Segunda-feira","0"
"20230523","2023-05-23","2023","2","5","Maio","23","2","Terca-feira","0"
"20230524","2023-05-24","2023","2","5","Maio","24","3","Quarta-feira","0"
"20230525","2023-05-25","2023","2","5","Maio","25","4","Quinta-feira","0"
"20230526","2023-05-26","2023","2","5","Maio","26","5","Sexta-feira","0"
"20230527","2023-05-27","2023","2","5","Maio","27","6","Sabado","1"
"20230528","2023-05-28","2023","2","5","Maio","28","0","Domingo","1"
"20230529","2023-05-29","2023","2","5","Maio","29","1","Segunda-feira","0"
"20230530","2023-05-30","2023","2","5","Maio","30","2","Terca-feira","0"
"20230531","2023-05-31","2023","2","5","Maio","31","3","Quarta-feira","0"
"20230601","2023-06-01","2023","2","6","Junho","1","4","Quinta-feira","0"
"20230602","2023-06-02","2023","2","6","Junho","2","5","Sexta-feira","0"
"20230603","2023-06-03","2023","2","6","Junho","3","6","Sabado","1"
"20230604","2023-06-04","2023","2","6","Junho","4","0","Domingo","1"
"20230605","2023-06-05","2023","2","6","Junho","5","1","Segunda-feira","0"
"20230606","2023-06-06","2023","2","6","Junho","6","2","Terca-feira","0"
"20230607","2023-06-07","2023","2","6","Junho","7","3","Quarta-feira","0"
"20230608","2023-06-08","2023","2","6","Junho","8","4","Quinta-feira","0"
"20230609","2023-06-09","2023","2","6","Junho","9","5","Sexta-feira","0"
"20230610","2023-06-10","2023","2","6","Junho","10","6","Sabado","1"
"20230611","2023-06-11","2023","2","6","Junho","11","0","Domingo","1"
"20230612","2023-06-12","2023","2","6","Junho","12","1","Segunda-feira","0"
"20230613","2023-06-13","2023","2","6","Junho","13","2","Terca-feira","0"
"20230614","2023-06-14","2023","2","6","Junho","14","3","Quarta-feira","0"
"20230615","2023-06-15","2023","2","6","Junho","15","4","Quinta-feira","0"
"20230616","2023-06-16","2023","2","6","Junho","16","5","Sexta-feira","0"
"20230617","2023-06-17","2023","2","6","Junho","17","6","Sabado","1"
"20230618","2023-06-18","2023","2","6","Junho","18","0","Domingo","1"
"20230619","2023-06-19","2023","2","6","Junho","19","1","Segunda-feira","0"
"20230620","2023-06-20","2023","2","6","Junho","20","2","Terca-feira","0"
"20230621","2023-06-21","2023","2","6","Junho","21","3","Quarta-feira","0"
"20230622","2023-06-22","2023","2","6","Junho","22","4","Quinta-feira","0"
"20230623","2023-06-23","2023","2","6","Junho","23","5","Sexta-feira","0"
"20230624","2023-06-24","2023","2","6","Junho","24","6","Sabado","1"
"20230625","2023-06-25","2023","2","6","Junho","25","0","Domingo","1"
"20230626","2023-06-26","2023","2","6","Junho","26","1","Segunda-feira","0"
"20230627","2023-06-27","2023","2","6","Junho","27","2","Terca-feira","0"
"20230628","2023-06-28","2023","2","6","Junho","28","3","Quarta-feira","0"
"20230629","2023-06-29","2023","2","6","Junho","29","4","Quinta-feira","0"
"20230630","2023-06-30","2023","2","6","Junho","30","5","Sexta-feira","0"
"20230701","2023-07-01","2023","3","7","Julho","1","6","Sabado","1"
"20230702","2023-07-02","2023","3","7","Julho","2","0","Domingo","1"
"20230703","2023-07-03","2023","3","7","Julho","3","1","Segunda-feira","0"
"20230704","2023-07-04","2023","3","7","Julho","4","2","Terca-feira","0"
"20230705","2023-07-05","2023","3","7","Julho","5","3","Quarta-feira","0"
"20230706","2023-07-06","2023","3","7","Julho","6","4","Quinta-feira","0"
"20230707","2023-07-07","2023","3","7","Julho","7","5","Sexta-feira","0"
"20230708","2023-07-08","2023","3","7","Julho","8","6","Sabado","1"
"20230709","2023-07-09","2023","3","7","Julho","9","0","Domingo","1"
"20230710","2023-07-10","2023","3","7","Julho","10","1","Segunda-feira","0"
"20230711","2023-07-11","2023","3","7","Julho","11","2","Terca-feira","0"
"20230712","2023-07-12","2023","3","7","Julho","12","3","Quarta-feira","0"
"20230713","2023-07-13","2023","3","7","Julho","13","4","Quinta-feira","0"
"20230714","2023-07-14","2023","3","7","Julho","14","5","Sexta-feira","0"
"20230715","2023-07-15","2023","3","7","Julho","15","6","Sabado","1"
"20230716","2023-07-16","2023","3","7","Julho","16","0","Domingo","1"
"20230717","2023-07-17","2023","3","7","Julho","17","1","Segunda-feira","0"
"20230718","2023-07-18","2023","3","7","Julho","18","2","Terca-feira","0"
"20230719","2023-07-19","2023","3","7","Julho","19","3","Quarta-feira","0"
"20230720","2023-07-20","2023","3","7","Julho","20","4","Quinta-feira","0"
"20230721","2023-07-21","2023","3","7","Julho","21","5","Sexta-feira","0"
"20230722","2023-07-22","2023","3","7","Julho","22","6","Sabado","1"
"20230723","2023-07-23","2023","3","7","Julho","23","0","Domingo","1"
"20230724","2023-07-24","2023","3","7","Julho","24","1","Segunda-feira","0"
"20230725","2023-07-25","2023","3","7","Julho","25","2","Terca-feira","0"
"20230726","2023-07-26","2023","3","7","Julho","26","3","Quarta-feira","0"
"20230727","2023-07-27","2023","3","7","Julho","27","4","Quinta-feira","0"
"20230728","2023-07-28","2023","3","7","Julho","28","5","Sexta-feira","0"
"20230729","2023-07-29","2023","3","7","Julho","29","6","Sabado","1"
"20230730","2023-07-30","2023","3","7","Julho","30","0","Domingo","1"
"20230731","2023-07-31","2023","3","7","Julho","31","1","Segunda-feira","0"
"20230801","2023-08-01","2023","3","8","Agosto","1","2","Terca-feira","0"
"20230802","2023-08-02","2023","3","8","Agosto","2","3","Quarta-feira","0"
"20230803","2023-08-03","2023","3","8","Agosto","3","4","Quinta-feira","0"
"20230804","2023-08-04","2023","3","8","Agosto","4","5","Sexta-feira","0"
"20230805","2023-08-05","2023","3","8","Agosto","5","6","Sabado","1"
"20230806","2023-08-06","2023","3","8","Agosto","6","0","Domingo","1"
"20230807","2023-08-07","2023","3","8","Agosto","7","1","Segunda-feira","0"
"20230808","2023-08-08","2023","3","8","Agosto","8","2","Terca-feira","0"
"20230809","2023-08-09","2023","3","8","Agosto","9","3","Quarta-feira","0"
"20230810","2023-08-10","2023","3","8","Agosto","10","4","Quinta-feira","0"
"20230811","2023-08-11","2023","3","8","Agosto","11","5","Sexta-feira","0"
"20230812","2023-08-12","2023","3","8","Agosto","12","6","Sabado","1"
"20230813","2023-08-13","2023","3","8","Agosto","13","0","Domingo","1"
"20230814","2023-08-14","2023","3","8","Agosto","14","1","Segunda-feira","0"
"20230815","2023-08-15","2023","3","8","Agosto","15","2","Terca-feira","0"
"20230816","2023-08-16","2023","3","8","Agosto","16","3","Quarta-feira","0"
"20230817","2023-08-17","2023","3","8","Agosto","17","4","Quinta-feira","0"
"20230818","2023-08-18","2023","3","8","Agosto","18","5","Sexta-feira","0"
"20230819","2023-08-19","2023","3","8","Agosto","19","6","Sabado","1"
"20230820","2023-08-20","2023","3","8","Agosto","20","0","Domingo","1"
"20230821","2023-08-21","2023","3","8","Agosto","21","1","Segunda-feira","0"
"20230822","2023-08-22","2023","3","8","Agosto","22","2","Terca-feira","0"
"20230823","2023-08-23","2023","3","8","Agosto","23","3","Quarta-feira","0"
"20230824","2023-08-24","2023","3","8","Agosto","24","4","Quinta-feira","0"
"20230825","2023-08-25","2023","3","8","Agosto","25","5","Sexta-feira","0"
"20230826","2023-08-26","2023","3","8","Agosto","26","6","Sabado","1"
"20230827","2023-08-27","2023","3","8","Agosto","27","0","Domingo","1"
"20230828","2023-08-28","2023","3","8","Agosto","28","1","Segunda-feira","0"
"20230829","2023-08-29","2023","3","8","Agosto","29","2","Terca-feira","0"
"20230830","2023-08-30","2023","3","8","Agosto","30","3","Quarta-feira","0"
"20230831","2023-08-31","2023","3","8","Agosto","31","4","Quinta-feira","0"
"20230901","2023-09-01","2023","3","9","Setembro","1","5","Sexta-feira","0"
"20230902","2023-09-02","2023","3","9","Setembro","2","6","Sabado","1"
"20230903","2023-09-03","2023","3","9","Setembro","3","0","Domingo","1"
"20230904","2023-09-04","2023","3","9","Setembro","4","1","Segunda-feira","0"
"20230905","2023-09-05","2023","3","9","Setembro","5","2","Terca-feira","0"
"20230906","2023-09-06","2023","3","9","Setembro","6","3","Quarta-feira","0"
"20230907","2023-09-07","2023","3","9","Setembro","7","4","Quinta-feira","0"
"20230908","2023-09-08","2023","3","9","Setembro","8","5","Sexta-feira","0"
"20230909","2023-09-09","2023","3","9","Setembro","9","6","Sabado","1"
"20230910","2023-09-10","2023","3","9","Setembro","10","0","Domingo","1"
"20230911","2023-09-11","2023","3","9","Setembro","11","1","Segunda-feira","0"
"20230912","2023-09-12","2023","3","9","Setembro","12","2","Terca-feira","0"
"20230913","2023-09-13","2023","3","9","Setembro","13","3","Quarta-feira","0"
"20230914","2023-09-14","2023","3","9","Setembro","14","4","Quinta-feira","0"
"20230915","2023-09-15","2023","3","9","Setembro","15","5","Sexta-feira","0"
"20230916","2023-09-16","2023","3","9","Setembro","16","6","Sabado","1"
"20230917","2023-09-17","2023","3","9","Setembro","17","0","Domingo","1"
"20230918","2023-09-18","2023","3","9","Setembro","18","1","Segunda-feira","0"
"20230919","2023-09-19","2023","3","9","Setembro","19","2","Terca-feira","0"
"20230920","2023-09-20","2023","3","9","Setembro","20","3","Quarta-feira","0"
"20230921","2023-09-21","2023","3","9","Setembro","21","4","Quinta-feira","0"
"20230922","2023-09-22","2023","3","9","Setembro","22","5","Sexta-feira","0"
"20230923","2023-09-23","2023","3","9","Setembro","23","6","Sabado","1"
"20230924","2023-09-24","2023","3","9","Setembro","24","0","Domingo","1"
"20230925","2023-09-25","2023","3","9","Setembro","25","1","Segunda-feira","0"
"20230926","2023-09-26","2023","3","9","Setembro","26","2","Terca-feira","0"
"20230927","2023-09-27","2023","3","9","Setembro","27","3","Quarta-feira","0"
"20230928","2023-09-28","2023","3","9","Setembro","28","4","Quinta-feira","0"
"20230929","2023-09-29","2023","3","9","Setembro","29","5","Sexta-feira","0"
"20230930","2023-09-30","2023","3","9","Setembro","30","6","Sabado","1"
"20231001","2023-10-01","2023","4","10","Outubro","1","0","Domingo","1"
"20231002","2023-10-02","2023","4","10","Outubro","2","1","Segunda-feira","0"
"20231003","2023-10-03","2023","4","10","Outubro","3","2","Terca-feira","0"
"20231004","2023-10-04","2023","4","10","Outubro","4","3","Quarta-feira","0"
"20231005","2023-10-05","2023","4","10","Outubro","5","4","Quinta-feira","0"
"20231006","2023-10-06","2023","4","10","Outubro","6","5","Sexta-feira","0"
"20231007","2023-10-07","2023","4","10","Outubro","7","6","Sabado","1"
"20231008","2023-10-08","2023","4","10","Outubro","8","0","Domingo","1"
"20231009","2023-10-09","2023","4","10","Outubro","9","1","Segunda-feira","0"
"20231010","2023-10-10","2023","4","10","Outubro","10","2","Terca-feira","0"
"20231011","2023-10-11","2023","4","10","Outubro","11","3","Quarta-feira","0"
"20231012","2023-10-12","2023","4","10","Outubro","12","4","Quinta-feira","0"
"20231013","2023-10-13","2023","4","10","Outubro","13","5","Sexta-feira","0"
"20231014","2023-10-14","2023","4","10","Outubro","14","6","Sabado","1"
"20231015","2023-10-15","2023","4","10","Outubro","15","0","Domingo","1"
"20231016","2023-10-16","2023","4","10","Outubro","16","1","Segunda-feira","0"
"20231017","2023-10-17","2023","4","10","Outubro","17","2","Terca-feira","0"
"20231018","2023-10-18","2023","4","10","Outubro","18","3","Quarta-feira","0"
"20231019","2023-10-19","2023","4","10","Outubro","19","4","Quinta-feira","0"
"20231020","2023-10-20","2023","4","10","Outubro","20","5","Sexta-feira","0"
"20231021","2023-10-21","2023","4","10","Outubro","21","6","Sabado","1"
"20231022","2023-10-22","2023","4","10","Outubro","22","0","Domingo","1"
"20231023","2023-10-23","2023","4","10","Outubro","23","1","Segunda-feira","0"
"20231024","2023-10-24","2023","4","10","Outubro","24","2","Terca-feira","0"
"20231025","2023-10-25","2023","4","10","Outubro","25","3","Quarta-feira","0"
"20231026","2023-10-26","2023","4","10","Outubro","26","4","Quinta-feira","0"
"20231027","2023-10-27","2023","4","10","Outubro","27","5","Sexta-feira","0"
"20231028","2023-10-28","2023","4","10","Outubro","28","6","Sabado","1"
"20231029","2023-10-29","2023","4","10","Outubro","29","0","Domingo","1"
"20231030","2023-10-30","2023","4","10","Outubro","30","1","Segunda-feira","0"
"20231031","2023-10-31","2023","4","10","Outubro","31","2","Terca-feira","0"
"20231101","2023-11-01","2023","4","11","Novembro","1","3","Quarta-feira","0"
"20231102","2023-11-02","2023","4","11","Novembro","2","4","Quinta-feira","0"
"20231103","2023-11-03","2023","4","11","Novembro","3","5","Sexta-feira","0"
"20231104","2023-11-04","2023","4","11","Novembro","4","6","Sabado","1"
"20231105","2023-11-05","2023","4","11","Novembro","5","0","Domingo","1"
"20231106","2023-11-06","2023","4","11","Novembro","6","1","Segunda-feira","0"
"20231107","2023-11-07","2023","4","11","Novembro","7","2","Terca-feira","0"
"20231108","2023-11-08","2023","4","11","Novembro","8","3","Quarta-feira","0"
"20231109","2023-11-09","2023","4","11","Novembro","9","4","Quinta-feira","0"
"20231110","2023-11-10","2023","4","11","Novembro","10","5","Sexta-feira","0"
"20231111","2023-11-11","2023","4","11","Novembro","11","6","Sabado","1"
"20231112","2023-11-12","2023","4","11","Novembro","12","0","Domingo","1"
"20231113","2023-11-13","2023","4","11","Novembro","13","1","Segunda-feira","0"
"20231114","2023-11-14","2023","4","11","Novembro","14","2","Terca-feira","0"
"20231115","2023-11-15","2023","4","11","Novembro","15","3","Quarta-feira","0"
"20231116","2023-11-16","2023","4","11","Novembro","16","4","Quinta-feira","0"
"20231117","2023-11-17","2023","4","11","Novembro","17","5","Sexta-feira","0"
"20231118","2023-11-18","2023","4","11","Novembro","18","6","Sabado","1"
"20231119","2023-11-19","2023","4","11","Novembro","19","0","Domingo","1"
"20231120","2023-11-20","2023","4","11","Novembro","20","1","Segunda-feira","0"
"20231121","2023-11-21","2023","4","11","Novembro","21","2","Terca-feira","0"
"20231122","2023-11-22","2023","4","11","Novembro","22","3","Quarta-feira","0"
"20231123","2023-11-23","2023","4","11","Novembro","23","4","Quinta-feira","0"
"20231124","2023-11-24","2023","4","11","Novembro","24","5","Sexta-feira","0"
"20231125","2023-11-25","2023","4","11","Novembro","25","6","Sabado","1"
"20231126","2023-11-26","2023","4","11","Novembro","26","0","Domingo","1"
"20231127","2023-11-27","2023","4","11","Novembro","27","1","Segunda-feira","0"
"20231128","2023-11-28","2023","4","11","Novembro","28","2","Terca-feira","0"
"20231129","2023-11-29","2023","4","11","Novembro","29","3","Quarta-feira","0"
"20231130","2023-11-30","2023","4","11","Novembro","30","4","Quinta-feira","0"
"20231201","2023-12-01","2023","4","12","Dezembro","1","5","Sexta-feira","0"
"20231202","2023-12-02","2023","4","12","Dezembro","2","6","Sabado","1"
"20231203","2023-12-03","2023","4","12","Dezembro","3","0","Domingo","1"
"20231204","2023-12-04","2023","4","12","Dezembro","4","1","Segunda-feira","0"
"20231205","2023-12-05","2023","4","12","Dezembro","5","2","Terca-feira","0"
"20231206","2023-12-06","2023","4","12","Dezembro","6","3","Quarta-feira","0"
"20231207","2023-12-07","2023","4","12","Dezembro","7","4","Quinta-feira","0"
"20231208","2023-12-08","2023","4","12","Dezembro","8","5","Sexta-feira","0"
"20231209","2023-12-09","2023","4","12","Dezembro","9","6","Sabado","1"
"20231210","2023-12-10","2023","4","12","Dezembro","10","0","Domingo","1"
"20231211","2023-12-11","2023","4","12","Dezembro","11","1","Segunda-feira","0"
"20231212","2023-12-12","2023","4","12","Dezembro","12","2","Terca-feira","0"
"20231213","2023-12-13","2023","4","12","Dezembro","13","3","Quarta-feira","0"
"20231214","2023-12-14","2023","4","12","Dezembro","14","4","Quinta-feira","0"
"20231215","2023-12-15","2023","4","12","Dezembro","15","5","Sexta-feira","0"
"20231216","2023-12-16","2023","4","12","Dezembro","16","6","Sabado","1"
"20231217","2023-12-17","2023","4","12","Dezembro","17","0","Domingo","1"
"20231218","2023-12-18","2023","4","12","Dezembro","18","1","Segunda-feira","0"
"20231219","2023-12-19","2023","4","12","Dezembro","19","2","Terca-feira","0"
"20231220","2023-12-20","2023","4","12","Dezembro","20","3","Quarta-feira","0"
"20231221","2023-12-21","2023","4","12","Dezembro","21","4","Quinta-feira","0"
"20231222","2023-12-22","2023","4","12","Dezembro","22","5","Sexta-feira","0"
"20231223","2023-12-23","2023","4","12","Dezembro","23","6","Sabado","1"
"20231224","2023-12-24","2023","4","12","Dezembro","24","0","Domingo","1"
"20231225","2023-12-25","2023","4","12","Dezembro","25","1","Segunda-feira","0"
"20231226","2023-12-26","2023","4","12","Dezembro","26","2","Terca-feira","0"
"20231227","2023-12-27","2023","4","12","Dezembro","27","3","Quarta-feira","0"
"20231228","2023-12-28","2023","4","12","Dezembro","28","4","Quinta-feira","0"
"20231229","2023-12-29","2023","4","12","Dezembro","29","5","Sexta-feira","0"
"20231230","2023-12-30","2023","4","12","Dezembro","30","6","Sabado","1"
"20231231","2023-12-31","2023","4","12","Dezembro","31","0","Domingo","1"
"20240101","2024-01-01","2024","1","1","Janeiro","1","1","Segunda-feira","0"
"20240102","2024-01-02","2024","1","1","Janeiro","2","2","Terca-feira","0"
"20240103","2024-01-03","2024","1","1","Janeiro","3","3","Quarta-feira","0"
"20240104","2024-01-04","2024","1","1","Janeiro","4","4","Quinta-feira","0"
"20240105","2024-01-05","2024","1","1","Janeiro","5","5","Sexta-feira","0"
"20240106","2024-01-06","2024","1","1","Janeiro","6","6","Sabado","1"
"20240107","2024-01-07","2024","1","1","Janeiro","7","0","Domingo","1"
"20240108","2024-01-08","2024","1","1","Janeiro","8","1","Segunda-feira","0"
"20240109","2024-01-09","2024","1","1","Janeiro","9","2","Terca-feira","0"
"20240110","2024-01-10","2024","1","1","Janeiro","10","3","Quarta-feira","0"
"20240111","2024-01-11","2024","1","1","Janeiro","11","4","Quinta-feira","0"
"20240112","2024-01-12","2024","1","1","Janeiro","12","5","Sexta-feira","0"
"20240113","2024-01-13","2024","1","1","Janeiro","13","6","Sabado","1"
"20240114","2024-01-14","2024","1","1","Janeiro","14","0","Domingo","1"
"20240115","2024-01-15","2024","1","1","Janeiro","15","1","Segunda-feira","0"
"20240116","2024-01-16","2024","1","1","Janeiro","16","2","Terca-feira","0"
"20240117","2024-01-17","2024","1","1","Janeiro","17","3","Quarta-feira","0"
"20240118","2024-01-18","2024","1","1","Janeiro","18","4","Quinta-feira","0"
"20240119","2024-01-19","2024","1","1","Janeiro","19","5","Sexta-feira","0"
"20240120","2024-01-20","2024","1","1","Janeiro","20","6","Sabado","1"
"20240121","2024-01-21","2024","1","1","Janeiro","21","0","Domingo","1"
"20240122","2024-01-22","2024","1","1","Janeiro","22","1","Segunda-feira","0"
"20240123","2024-01-23","2024","1","1","Janeiro","23","2","Terca-feira","0"
"20240124","2024-01-24","2024","1","1","Janeiro","24","3","Quarta-feira","0"
"20240125","2024-01-25","2024","1","1","Janeiro","25","4","Quinta-feira","0"
"20240126","2024-01-26","2024","1","1","Janeiro","26","5","Sexta-feira","0"
"20240127","2024-01-27","2024","1","1","Janeiro","27","6","Sabado","1"
"20240128","2024-01-28","2024","1","1","Janeiro","28","0","Domingo","1"
"20240129","2024-01-29","2024","1","1","Janeiro","29","1","Segunda-feira","0"
"20240130","2024-01-30","2024","1","1","Janeiro","30","2","Terca-feira","0"
"20240131","2024-01-31","2024","1","1","Janeiro","31","3","Quarta-feira","0"
"20240201","2024-02-01","2024","1","2","Fevereiro","1","4","Quinta-feira","0"
"20240202","2024-02-02","2024","1","2","Fevereiro","2","5","Sexta-feira","0"
"20240203","2024-02-03","2024","1","2","Fevereiro","3","6","Sabado","1"
"20240204","2024-02-04","2024","1","2","Fevereiro","4","0","Domingo","1"
"20240205","2024-02-05","2024","1","2","Fevereiro","5","1","Segunda-feira","0"
"20240206","2024-02-06","2024","1","2","Fevereiro","6","2","Terca-feira","0"
"20240207","2024-02-07","2024","1","2","Fevereiro","7","3","Quarta-feira","0"
"20240208","2024-02-08","2024","1","2","Fevereiro","8","4","Quinta-feira","0"
"20240209","2024-02-09","2024","1","2","Fevereiro","9","5","Sexta-feira","0"
"20240210","2024-02-10","2024","1","2","Fevereiro","10","6","Sabado","1"
"20240211","2024-02-11","2024","1","2","Fevereiro","11","0","Domingo","1"
"20240212","2024-02-12","2024","1","2","Fevereiro","12","1","Segunda-feira","0"
"20240213","2024-02-13","2024","1","2","Fevereiro","13","2","Terca-feira","0"
"20240214","2024-02-14","2024","1","2","Fevereiro","14","3","Quarta-feira","0"
"20240215","2024-02-15","2024","1","2","Fevereiro","15","4","Quinta-feira","0"
"20240216","2024-02-16","2024","1","2","Fevereiro","16","5","Sexta-feira","0"
"20240217","2024-02-17","2024","1","2","Fevereiro","17","6","Sabado","1"
"20240218","2024-02-18","2024","1","2","Fevereiro","18","0","Domingo","1"
"20240219","2024-02-19","2024","1","2","Fevereiro","19","1","Segunda-feira","0"
"20240220","2024-02-20","2024","1","2","Fevereiro","20","2","Terca-feira","0"
"20240221","2024-02-21","2024","1","2","Fevereiro","21","3","Quarta-feira","0"
"20240222","2024-02-22","2024","1","2","Fevereiro","22","4","Quinta-feira","0"
"20240223","2024-02-23","2024","1","2","Fevereiro","23","5","Sexta-feira","0"
"20240224","2024-02-24","2024","1","2","Fevereiro","24","6","Sabado","1"
"20240225","2024-02-25","2024","1","2","Fevereiro","25","0","Domingo","1"
"20240226","2024-02-26","2024","1","2","Fevereiro","26","1","Segunda-feira","0"
"20240227","2024-02-27","2024","1","2","Fevereiro","27","2","Terca-feira","0"
"20240228","2024-02-28","2024","1","2","Fevereiro","28","3","Quarta-feira","0"
"20240229","2024-02-29","2024","1","2","Fevereiro","29","4","Quinta-feira","0"
"20240301","2024-03-01","2024","1","3","Marco","1","5","Sexta-feira","0"
"20240302","2024-03-02","2024","1","3","Marco","2","6","Sabado","1"
"20240303","2024-03-03","2024","1","3","Marco","3","0","Domingo","1"
"20240304","2024-03-04","2024","1","3","Marco","4","1","Segunda-feira","0"
"20240305","2024-03-05","2024","1","3","Marco","5","2","Terca-feira","0"
"20240306","2024-03-06","2024","1","3","Marco","6","3","Quarta-feira","0"
"20240307","2024-03-07","2024","1","3","Marco","7","4","Quinta-feira","0"
"20240308","2024-03-08","2024","1","3","Marco","8","5","Sexta-feira","0"
"20240309","2024-03-09","2024","1","3","Marco","9","6","Sabado","1"
"20240310","2024-03-10","2024","1","3","Marco","10","0","Domingo","1"
"20240311","2024-03-11","2024","1","3","Marco","11","1","Segunda-feira","0"
"20240312","2024-03-12","2024","1","3","Marco","12","2","Terca-feira","0"
"20240313","2024-03-13","2024","1","3","Marco","13","3","Quarta-feira","0"
"20240314","2024-03-14","2024","1","3","Marco","14","4","Quinta-feira","0"
"20240315","2024-03-15","2024","1","3","Marco","15","5","Sexta-feira","0"
"20240316","2024-03-16","2024","1","3","Marco","16","6","Sabado","1"
"20240317","2024-03-17","2024","1","3","Marco","17","0","Domingo","1"
"20240318","2024-03-18","2024","1","3","Marco","18","1","Segunda-feira","0"
"20240319","2024-03-19","2024","1","3","Marco","19","2","Terca-feira","0"
"20240320","2024-03-20","2024","1","3","Marco","20","3","Quarta-feira","0"
"20240321","2024-03-21","2024","1","3","Marco","21","4","Quinta-feira","0"
"20240322","2024-03-22","2024","1","3","Marco","22","5","Sexta-feira","0"
"20240323","2024-03-23","2024","1","3","Marco","23","6","Sabado","1"
"20240324","2024-03-24","2024","1","3","Marco","24","0","Domingo","1"
"20240325","2024-03-25","2024","1","3","Marco","25","1","Segunda-feira","0"
"20240326","2024-03-26","2024","1","3","Marco","26","2","Terca-feira","0"
"20240327","2024-03-27","2024","1","3","Marco","27","3","Quarta-feira","0"
"20240328","2024-03-28","2024","1","3","Marco","28","4","Quinta-feira","0"
"20240329","2024-03-29","2024","1","3","Marco","29","5","Sexta-feira","0"
"20240330","2024-03-30","2024","1","3","Marco","30","6","Sabado","1"
"20240331","2024-03-31","2024","1","3","Marco","31","0","Domingo","1"
"20240401","2024-04-01","2024","2","4","Abril","1","1","Segunda-feira","0"
"20240402","2024-04-02","2024","2","4","Abril","2","2","Terca-feira","0"
"20240403","2024-04-03","2024","2","4","Abril","3","3","Quarta-feira","0"
"20240404","2024-04-04","2024","2","4","Abril","4","4","Quinta-feira","0"
"20240405","2024-04-05","2024","2","4","Abril","5","5","Sexta-feira","0"
"20240406","2024-04-06","2024","2","4","Abril","6","6","Sabado","1"
"20240407","2024-04-07","2024","2","4","Abril","7","0","Domingo","1"
"20240408","2024-04-08","2024","2","4","Abril","8","1","Segunda-feira","0"
"20240409","2024-04-09","2024","2","4","Abril","9","2","Terca-feira","0"
"20240410","2024-04-10","2024","2","4","Abril","10","3","Quarta-feira","0"
"20240411","2024-04-11","2024","2","4","Abril","11","4","Quinta-feira","0"
"20240412","2024-04-12","2024","2","4","Abril","12","5","Sexta-feira","0"
"20240413","2024-04-13","2024","2","4","Abril","13","6","Sabado","1"
"20240414","2024-04-14","2024","2","4","Abril","14","0","Domingo","1"
"20240415","2024-04-15","2024","2","4","Abril","15","1","Segunda-feira","0"
"20240416","2024-04-16","2024","2","4","Abril","16","2","Terca-feira","0"
"20240417","2024-04-17","2024","2","4","Abril","17","3","Quarta-feira","0"
"20240418","2024-04-18","2024","2","4","Abril","18","4","Quinta-feira","0"
"20240419","2024-04-19","2024","2","4","Abril","19","5","Sexta-feira","0"
"20240420","2024-04-20","2024","2","4","Abril","20","6","Sabado","1"
"20240421","2024-04-21","2024","2","4","Abril","21","0","Domingo","1"
"20240422","2024-04-22","2024","2","4","Abril","22","1","Segunda-feira","0"
"20240423","2024-04-23","2024","2","4","Abril","23","2","Terca-feira","0"
"20240424","2024-04-24","2024","2","4","Abril","24","3","Quarta-feira","0"
"20240425","2024-04-25","2024","2","4","Abril","25","4","Quinta-feira","0"
"20240426","2024-04-26","2024","2","4","Abril","26","5","Sexta-feira","0"
"20240427","2024-04-27","2024","2","4","Abril","27","6","Sabado","1"
"20240428","2024-04-28","2024","2","4","Abril","28","0","Domingo","1"
"20240429","2024-04-29","2024","2","4","Abril","29","1","Segunda-feira","0"
"20240430","2024-04-30","2024","2","4","Abril","30","2","Terca-feira","0"
"20240501","2024-05-01","2024","2","5","Maio","1","3","Quarta-feira","0"
"20240502","2024-05-02","2024","2","5","Maio","2","4","Quinta-feira","0"
"20240503","2024-05-03","2024","2","5","Maio","3","5","Sexta-feira","0"
"20240504","2024-05-04","2024","2","5","Maio","4","6","Sabado","1"
"20240505","2024-05-05","2024","2","5","Maio","5","0","Domingo","1"
"20240506","2024-05-06","2024","2","5","Maio","6","1","Segunda-feira","0"
"20240507","2024-05-07","2024","2","5","Maio","7","2","Terca-feira","0"
"20240508","2024-05-08","2024","2","5","Maio","8","3","Quarta-feira","0"
"20240509","2024-05-09","2024","2","5","Maio","9","4","Quinta-feira","0"
"20240510","2024-05-10","2024","2","5","Maio","10","5","Sexta-feira","0"
"20240511","2024-05-11","2024","2","5","Maio","11","6","Sabado","1"
"20240512","2024-05-12","2024","2","5","Maio","12","0","Domingo","1"
"20240513","2024-05-13","2024","2","5","Maio","13","1","Segunda-feira","0"
"20240514","2024-05-14","2024","2","5","Maio","14","2","Terca-feira","0"
"20240515","2024-05-15","2024","2","5","Maio","15","3","Quarta-feira","0"
"20240516","2024-05-16","2024","2","5","Maio","16","4","Quinta-feira","0"
"20240517","2024-05-17","2024","2","5","Maio","17","5","Sexta-feira","0"
"20240518","2024-05-18","2024","2","5","Maio","18","6","Sabado","1"
"20240519","2024-05-19","2024","2","5","Maio","19","0","Domingo","1"
"20240520","2024-05-20","2024","2","5","Maio","20","1","Segunda-feira","0"
"20240521","2024-05-21","2024","2","5","Maio","21","2","Terca-feira","0"
"20240522","2024-05-22","2024","2","5","Maio","22","3","Quarta-feira","0"
"20240523","2024-05-23","2024","2","5","Maio","23","4","Quinta-feira","0"
"20240524","2024-05-24","2024","2","5","Maio","24","5","Sexta-feira","0"
"20240525","2024-05-25","2024","2","5","Maio","25","6","Sabado","1"
"20240526","2024-05-26","2024","2","5","Maio","26","0","Domingo","1"
"20240527","2024-05-27","2024","2","5","Maio","27","1","Segunda-feira","0"
"20240528","2024-05-28","2024","2","5","Maio","28","2","Terca-feira","0"
"20240529","2024-05-29","2024","2","5","Maio","29","3","Quarta-feira","0"
"20240530","2024-05-30","2024","2","5","Maio","30","4","Quinta-feira","0"
"20240531","2024-05-31","2024","2","5","Maio","31","5","Sexta-feira","0"
"20240601","2024-06-01","2024","2","6","Junho","1","6","Sabado","1"
"20240602","2024-06-02","2024","2","6","Junho","2","0","Domingo","1"
"20240603","2024-06-03","2024","2","6","Junho","3","1","Segunda-feira","0"
"20240604","2024-06-04","2024","2","6","Junho","4","2","Terca-feira","0"
"20240605","2024-06-05","2024","2","6","Junho","5","3","Quarta-feira","0"
"20240606","2024-06-06","2024","2","6","Junho","6","4","Quinta-feira","0"
"20240607","2024-06-07","2024","2","6","Junho","7","5","Sexta-feira","0"
"20240608","2024-06-08","2024","2","6","Junho","8","6","Sabado","1"
"20240609","2024-06-09","2024","2","6","Junho","9","0","Domingo","1"
"20240610","2024-06-10","2024","2","6","Junho","10","1","Segunda-feira","0"
"20240611","2024-06-11","2024","2","6","Junho","11","2","Terca-feira","0"
"20240612","2024-06-12","2024","2","6","Junho","12","3","Quarta-feira","0"
"20240613","2024-06-13","2024","2","6","Junho","13","4","Quinta-feira","0"
"20240614","2024-06-14","2024","2","6","Junho","14","5","Sexta-feira","0"
"20240615","2024-06-15","2024","2","6","Junho","15","6","Sabado","1"
"20240616","2024-06-16","2024","2","6","Junho","16","0","Domingo","1"
"20240617","2024-06-17","2024","2","6","Junho","17","1","Segunda-feira","0"
"20240618","2024-06-18","2024","2","6","Junho","18","2","Terca-feira","0"
"20240619","2024-06-19","2024","2","6","Junho","19","3","Quarta-feira","0"
"20240620","2024-06-20","2024","2","6","Junho","20","4","Quinta-feira","0"
"20240621","2024-06-21","2024","2","6","Junho","21","5","Sexta-feira","0"
"20240622","2024-06-22","2024","2","6","Junho","22","6","Sabado","1"
"20240623","2024-06-23","2024","2","6","Junho","23","0","Domingo","1"
"20240624","2024-06-24","2024","2","6","Junho","24","1","Segunda-feira","0"
"20240625","2024-06-25","2024","2","6","Junho","25","2","Terca-feira","0"
"20240626","2024-06-26","2024","2","6","Junho","26","3","Quarta-feira","0"
"20240627","2024-06-27","2024","2","6","Junho","27","4","Quinta-feira","0"
"20240628","2024-06-28","2024","2","6","Junho","28","5","Sexta-feira","0"
"20240629","2024-06-29","2024","2","6","Junho","29","6","Sabado","1"
"20240630","2024-06-30","2024","2","6","Junho","30","0","Domingo","1"
"20240701","2024-07-01","2024","3","7","Julho","1","1","Segunda-feira","0"
"20240702","2024-07-02","2024","3","7","Julho","2","2","Terca-feira","0"
"20240703","2024-07-03","2024","3","7","Julho","3","3","Quarta-feira","0"
"20240704","2024-07-04","2024","3","7","Julho","4","4","Quinta-feira","0"
"20240705","2024-07-05","2024","3","7","Julho","5","5","Sexta-feira","0"
"20240706","2024-07-06","2024","3","7","Julho","6","6","Sabado","1"
"20240707","2024-07-07","2024","3","7","Julho","7","0","Domingo","1"
"20240708","2024-07-08","2024","3","7","Julho","8","1","Segunda-feira","0"
"20240709","2024-07-09","2024","3","7","Julho","9","2","Terca-feira","0"
"20240710","2024-07-10","2024","3","7","Julho","10","3","Quarta-feira","0"
"20240711","2024-07-11","2024","3","7","Julho","11","4","Quinta-feira","0"
"20240712","2024-07-12","2024","3","7","Julho","12","5","Sexta-feira","0"
"20240713","2024-07-13","2024","3","7","Julho","13","6","Sabado","1"
"20240714","2024-07-14","2024","3","7","Julho","14","0","Domingo","1"
"20240715","2024-07-15","2024","3","7","Julho","15","1","Segunda-feira","0"
"20240716","2024-07-16","2024","3","7","Julho","16","2","Terca-feira","0"
"20240717","2024-07-17","2024","3","7","Julho","17","3","Quarta-feira","0"
"20240718","2024-07-18","2024","3","7","Julho","18","4","Quinta-feira","0"
"20240719","2024-07-19","2024","3","7","Julho","19","5","Sexta-feira","0"
"20240720","2024-07-20","2024","3","7","Julho","20","6","Sabado","1"
"20240721","2024-07-21","2024","3","7","Julho","21","0","Domingo","1"
"20240722","2024-07-22","2024","3","7","Julho","22","1","Segunda-feira","0"
"20240723","2024-07-23","2024","3","7","Julho","23","2","Terca-feira","0"
"20240724","2024-07-24","2024","3","7","Julho","24","3","Quarta-feira","0"
"20240725","2024-07-25","2024","3","7","Julho","25","4","Quinta-feira","0"
"20240726","2024-07-26","2024","3","7","Julho","26","5","Sexta-feira","0"
"20240727","2024-07-27","2024","3","7","Julho","27","6","Sabado","1"
"20240728","2024-07-28","2024","3","7","Julho","28","0","Domingo","1"
"20240729","2024-07-29","2024","3","7","Julho","29","1","Segunda-feira","0"
"20240730","2024-07-30","2024","3","7","Julho","30","2","Terca-feira","0"
"20240731","2024-07-31","2024","3","7","Julho","31","3","Quarta-feira","0"
"20240801","2024-08-01","2024","3","8","Agosto","1","4","Quinta-feira","0"
"20240802","2024-08-02","2024","3","8","Agosto","2","5","Sexta-feira","0"
"20240803","2024-08-03","2024","3","8","Agosto","3","6","Sabado","1"
"20240804","2024-08-04","2024","3","8","Agosto","4","0","Domingo","1"
"20240805","2024-08-05","2024","3","8","Agosto","5","1","Segunda-feira","0"
"20240806","2024-08-06","2024","3","8","Agosto","6","2","Terca-feira","0"
"20240807","2024-08-07","2024","3","8","Agosto","7","3","Quarta-feira","0"
"20240808","2024-08-08","2024","3","8","Agosto","8","4","Quinta-feira","0"
"20240809","2024-08-09","2024","3","8","Agosto","9","5","Sexta-feira","0"
"20240810","2024-08-10","2024","3","8","Agosto","10","6","Sabado","1"
"20240811","2024-08-11","2024","3","8","Agosto","11","0","Domingo","1"
"20240812","2024-08-12","2024","3","8","Agosto","12","1","Segunda-feira","0"
"20240813","2024-08-13","2024","3","8","Agosto","13","2","Terca-feira","0"
"20240814","2024-08-14","2024","3","8","Agosto","14","3","Quarta-feira","0"
"20240815","2024-08-15","2024","3","8","Agosto","15","4","Quinta-feira","0"
"20240816","2024-08-16","2024","3","8","Agosto","16","5","Sexta-feira","0"
"20240817","2024-08-17","2024","3","8","Agosto","17","6","Sabado","1"
"20240818","2024-08-18","2024","3","8","Agosto","18","0","Domingo","1"
"20240819","2024-08-19","2024","3","8","Agosto","19","1","Segunda-feira","0"
"20240820","2024-08-20","2024","3","8","Agosto","20","2","Terca-feira","0"
"20240821","2024-08-21","2024","3","8","Agosto","21","3","Quarta-feira","0"
"20240822","2024-08-22","2024","3","8","Agosto","22","4","Quinta-feira","0"
"20240823","2024-08-23","2024","3","8","Agosto","23","5","Sexta-feira","0"
"20240824","2024-08-24","2024","3","8","Agosto","24","6","Sabado","1"
"20240825","2024-08-25","2024","3","8","Agosto","25","0","Domingo","1"
"20240826","2024-08-26","2024","3","8","Agosto","26","1","Segunda-feira","0"
"20240827","2024-08-27","2024","3","8","Agosto","27","2","Terca-feira","0"
"20240828","2024-08-28","2024","3","8","Agosto","28","3","Quarta-feira","0"
"20240829","2024-08-29","2024","3","8","Agosto","29","4","Quinta-feira","0"
"20240830","2024-08-30","2024","3","8","Agosto","30","5","Sexta-feira","0"
"20240831","2024-08-31","2024","3","8","Agosto","31","6","Sabado","1"
"20240901","2024-09-01","2024","3","9","Setembro","1","0","Domingo","1"
"20240902","2024-09-02","2024","3","9","Setembro","2","1","Segunda-feira","0"
"20240903","2024-09-03","2024","3","9","Setembro","3","2","Terca-feira","0"
"20240904","2024-09-04","2024","3","9","Setembro","4","3","Quarta-feira","0"
"20240905","2024-09-05","2024","3","9","Setembro","5","4","Quinta-feira","0"
"20240906","2024-09-06","2024","3","9","Setembro","6","5","Sexta-feira","0"
"20240907","2024-09-07","2024","3","9","Setembro","7","6","Sabado","1"
"20240908","2024-09-08","2024","3","9","Setembro","8","0","Domingo","1"
"20240909","2024-09-09","2024","3","9","Setembro","9","1","Segunda-feira","0"
"20240910","2024-09-10","2024","3","9","Setembro","10","2","Terca-feira","0"
"20240911","2024-09-11","2024","3","9","Setembro","11","3","Quarta-feira","0"
"20240912","2024-09-12","2024","3","9","Setembro","12","4","Quinta-feira","0"
"20240913","2024-09-13","2024","3","9","Setembro","13","5","Sexta-feira","0"
"20240914","2024-09-14","2024","3","9","Setembro","14","6","Sabado","1"
"20240915","2024-09-15","2024","3","9","Setembro","15","0","Domingo","1"
"20240916","2024-09-16","2024","3","9","Setembro","16","1","Segunda-feira","0"
"20240917","2024-09-17","2024","3","9","Setembro","17","2","Terca-feira","0"
"20240918","2024-09-18","2024","3","9","Setembro","18","3","Quarta-feira","0"
"20240919","2024-09-19","2024","3","9","Setembro","19","4","Quinta-feira","0"
"20240920","2024-09-20","2024","3","9","Setembro","20","5","Sexta-feira","0"
"20240921","2024-09-21","2024","3","9","Setembro","21","6","Sabado","1"
"20240922","2024-09-22","2024","3","9","Setembro","22","0","Domingo","1"
"20240923","2024-09-23","2024","3","9","Setembro","23","1","Segunda-feira","0"
"20240924","2024-09-24","2024","3","9","Setembro","24","2","Terca-feira","0"
"20240925","2024-09-25","2024","3","9","Setembro","25","3","Quarta-feira","0"
"20240926","2024-09-26","2024","3","9","Setembro","26","4","Quinta-feira","0"
"20240927","2024-09-27","2024","3","9","Setembro","27","5","Sexta-feira","0"
"20240928","2024-09-28","2024","3","9","Setembro","28","6","Sabado","1"
"20240929","2024-09-29","2024","3","9","Setembro","29","0","Domingo","1"
"20240930","2024-09-30","2024","3","9","Setembro","30","1","Segunda-feira","0"
"20241001","2024-10-01","2024","4","10","Outubro","1","2","Terca-feira","0"
"20241002","2024-10-02","2024","4","10","Outubro","2","3","Quarta-feira","0"
"20241003","2024-10-03","2024","4","10","Outubro","3","4","Quinta-feira","0"
"20241004","2024-10-04","2024","4","10","Outubro","4","5","Sexta-feira","0"
"20241005","2024-10-05","2024","4","10","Outubro","5","6","Sabado","1"
"20241006","2024-10-06","2024","4","10","Outubro","6","0","Domingo","1"
"20241007","2024-10-07","2024","4","10","Outubro","7","1","Segunda-feira","0"
"20241008","2024-10-08","2024","4","10","Outubro","8","2","Terca-feira","0"
"20241009","2024-10-09","2024","4","10","Outubro","9","3","Quarta-feira","0"
"20241010","2024-10-10","2024","4","10","Outubro","10","4","Quinta-feira","0"
"20241011","2024-10-11","2024","4","10","Outubro","11","5","Sexta-feira","0"
"20241012","2024-10-12","2024","4","10","Outubro","12","6","Sabado","1"
"20241013","2024-10-13","2024","4","10","Outubro","13","0","Domingo","1"
"20241014","2024-10-14","2024","4","10","Outubro","14","1","Segunda-feira","0"
"20241015","2024-10-15","2024","4","10","Outubro","15","2","Terca-feira","0"
"20241016","2024-10-16","2024","4","10","Outubro","16","3","Quarta-feira","0"
"20241017","2024-10-17","2024","4","10","Outubro","17","4","Quinta-feira","0"
"20241018","2024-10-18","2024","4","10","Outubro","18","5","Sexta-feira","0"
"20241019","2024-10-19","2024","4","10","Outubro","19","6","Sabado","1"
"20241020","2024-10-20","2024","4","10","Outubro","20","0","Domingo","1"
"20241021","2024-10-21","2024","4","10","Outubro","21","1","Segunda-feira","0"
"20241022","2024-10-22","2024","4","10","Outubro","22","2","Terca-feira","0"
"20241023","2024-10-23","2024","4","10","Outubro","23","3","Quarta-feira","0"
"20241024","2024-10-24","2024","4","10","Outubro","24","4","Quinta-feira","0"
"20241025","2024-10-25","2024","4","10","Outubro","25","5","Sexta-feira","0"
"20241026","2024-10-26","2024","4","10","Outubro","26","6","Sabado","1"
"20241027","2024-10-27","2024","4","10","Outubro","27","0","Domingo","1"
"20241028","2024-10-28","2024","4","10","Outubro","28","1","Segunda-feira","0"
"20241029","2024-10-29","2024","4","10","Outubro","29","2","Terca-feira","0"
"20241030","2024-10-30","2024","4","10","Outubro","30","3","Quarta-feira","0"
"20241031","2024-10-31","2024","4","10","Outubro","31","4","Quinta-feira","0"
"20241101","2024-11-01","2024","4","11","Novembro","1","5","Sexta-feira","0"
"20241102","2024-11-02","2024","4","11","Novembro","2","6","Sabado","1"
"20241103","2024-11-03","2024","4","11","Novembro","3","0","Domingo","1"
"20241104","2024-11-04","2024","4","11","Novembro","4","1","Segunda-feira","0"
"20241105","2024-11-05","2024","4","11","Novembro","5","2","Terca-feira","0"
"20241106","2024-11-06","2024","4","11","Novembro","6","3","Quarta-feira","0"
"20241107","2024-11-07","2024","4","11","Novembro","7","4","Quinta-feira","0"
"20241108","2024-11-08","2024","4","11","Novembro","8","5","Sexta-feira","0"
"20241109","2024-11-09","2024","4","11","Novembro","9","6","Sabado","1"
"20241110","2024-11-10","2024","4","11","Novembro","10","0","Domingo","1"
"20241111","2024-11-11","2024","4","11","Novembro","11","1","Segunda-feira","0"
"20241112","2024-11-12","2024","4","11","Novembro","12","2","Terca-feira","0"
"20241113","2024-11-13","2024","4","11","Novembro","13","3","Quarta-feira","0"
"20241114","2024-11-14","2024","4","11","Novembro","14","4","Quinta-feira","0"
"20241115","2024-11-15","2024","4","11","Novembro","15","5","Sexta-feira","0"
"20241116","2024-11-16","2024","4","11","Novembro","16","6","Sabado","1"
"20241117","2024-11-17","2024","4","11","Novembro","17","0","Domingo","1"
"20241118","2024-11-18","2024","4","11","Novembro","18","1","Segunda-feira","0"
"20241119","2024-11-19","2024","4","11","Novembro","19","2","Terca-feira","0"
"20241120","2024-11-20","2024","4","11","Novembro","20","3","Quarta-feira","0"
"20241121","2024-11-21","2024","4","11","Novembro","21","4","Quinta-feira","0"
"20241122","2024-11-22","2024","4","11","Novembro","22","5","Sexta-feira","0"
"20241123","2024-11-23","2024","4","11","Novembro","23","6","Sabado","1"
"20241124","2024-11-24","2024","4","11","Novembro","24","0","Domingo","1"
"20241125","2024-11-25","2024","4","11","Novembro","25","1","Segunda-feira","0"
"20241126","2024-11-26","2024","4","11","Novembro","26","2","Terca-feira","0"
"20241127","2024-11-27","2024","4","11","Novembro","27","3","Quarta-feira","0"
"20241128","2024-11-28","2024","4","11","Novembro","28","4","Quinta-feira","0"
"20241129","2024-11-29","2024","4","11","Novembro","29","5","Sexta-feira","0"
"20241130","2024-11-30","2024","4","11","Novembro","30","6","Sabado","1"
"20241201","2024-12-01","2024","4","12","Dezembro","1","0","Domingo","1"
"20241202","2024-12-02","2024","4","12","Dezembro","2","1","Segunda-feira","0"
"20241203","2024-12-03","2024","4","12","Dezembro","3","2","Terca-feira","0"
"20241204","2024-12-04","2024","4","12","Dezembro","4","3","Quarta-feira","0"
"20241205","2024-12-05","2024","4","12","Dezembro","5","4","Quinta-feira","0"
"20241206","2024-12-06","2024","4","12","Dezembro","6","5","Sexta-feira","0"
"20241207","2024-12-07","2024","4","12","Dezembro","7","6","Sabado","1"
"20241208","2024-12-08","2024","4","12","Dezembro","8","0","Domingo","1"
"20241209","2024-12-09","2024","4","12","Dezembro","9","1","Segunda-feira","0"
"20241210","2024-12-10","2024","4","12","Dezembro","10","2","Terca-feira","0"
"20241211","2024-12-11","2024","4","12","Dezembro","11","3","Quarta-feira","0"
"20241212","2024-12-12","2024","4","12","Dezembro","12","4","Quinta-feira","0"
"20241213","2024-12-13","2024","4","12","Dezembro","13","5","Sexta-feira","0"
"20241214","2024-12-14","2024","4","12","Dezembro","14","6","Sabado","1"
"20241215","2024-12-15","2024","4","12","Dezembro","15","0","Domingo","1"
"20241216","2024-12-16","2024","4","12","Dezembro","16","1","Segunda-feira","0"
"20241217","2024-12-17","2024","4","12","Dezembro","17","2","Terca-feira","0"
"20241218","2024-12-18","2024","4","12","Dezembro","18","3","Quarta-feira","0"
"20241219","2024-12-19","2024","4","12","Dezembro","19","4","Quinta-feira","0"
"20241220","2024-12-20","2024","4","12","Dezembro","20","5","Sexta-feira","0"
"20241221","2024-12-21","2024","4","12","Dezembro","21","6","Sabado","1"
"20241222","2024-12-22","2024","4","12","Dezembro","22","0","Domingo","1"
"20241223","2024-12-23","2024","4","12","Dezembro","23","1","Segunda-feira","0"
"20241224","2024-12-24","2024","4","12","Dezembro","24","2","Terca-feira","0"
"20241225","2024-12-25","2024","4","12","Dezembro","25","3","Quarta-feira","0"
"20241226","2024-12-26","2024","4","12","Dezembro","26","4","Quinta-feira","0"
"20241227","2024-12-27","2024","4","12","Dezembro","27","5","Sexta-feira","0"
"20241228","2024-12-28","2024","4","12","Dezembro","28","6","Sabado","1"
"20241229","2024-12-29","2024","4","12","Dezembro","29","0","Domingo","1"
"20241230","2024-12-30","2024","4","12","Dezembro","30","1","Segunda-feira","0"
"20241231","2024-12-31","2024","4","12","Dezembro","31","2","Terca-feira","0"
"20250101","2025-01-01","2025","1","1","Janeiro","1","3","Quarta-feira","0"
"20250102","2025-01-02","2025","1","1","Janeiro","2","4","Quinta-feira","0"
"20250103","2025-01-03","2025","1","1","Janeiro","3","5","Sexta-feira","0"
"20250104","2025-01-04","2025","1","1","Janeiro","4","6","Sabado","1"
"20250105","2025-01-05","2025","1","1","Janeiro","5","0","Domingo","1"
"20250106","2025-01-06","2025","1","1","Janeiro","6","1","Segunda-feira","0"
"20250107","2025-01-07","2025","1","1","Janeiro","7","2","Terca-feira","0"
"20250108","2025-01-08","2025","1","1","Janeiro","8","3","Quarta-feira","0"
"20250109","2025-01-09","2025","1","1","Janeiro","9","4","Quinta-feira","0"
"20250110","2025-01-10","2025","1","1","Janeiro","10","5","Sexta-feira","0"
"20250111","2025-01-11","2025","1","1","Janeiro","11","6","Sabado","1"
"20250112","2025-01-12","2025","1","1","Janeiro","12","0","Domingo","1"
"20250113","2025-01-13","2025","1","1","Janeiro","13","1","Segunda-feira","0"
"20250114","2025-01-14","2025","1","1","Janeiro","14","2","Terca-feira","0"
"20250115","2025-01-15","2025","1","1","Janeiro","15","3","Quarta-feira","0"
"20250116","2025-01-16","2025","1","1","Janeiro","16","4","Quinta-feira","0"
"20250117","2025-01-17","2025","1","1","Janeiro","17","5","Sexta-feira","0"
"20250118","2025-01-18","2025","1","1","Janeiro","18","6","Sabado","1"
"20250119","2025-01-19","2025","1","1","Janeiro","19","0","Domingo","1"
"20250120","2025-01-20","2025","1","1","Janeiro","20","1","Segunda-feira","0"
"20250121","2025-01-21","2025","1","1","Janeiro","21","2","Terca-feira","0"
"20250122","2025-01-22","2025","1","1","Janeiro","22","3","Quarta-feira","0"
"20250123","2025-01-23","2025","1","1","Janeiro","23","4","Quinta-feira","0"
"20250124","2025-01-24","2025","1","1","Janeiro","24","5","Sexta-feira","0"
"20250125","2025-01-25","2025","1","1","Janeiro","25","6","Sabado","1"
"20250126","2025-01-26","2025","1","1","Janeiro","26","0","Domingo","1"
"20250127","2025-01-27","2025","1","1","Janeiro","27","1","Segunda-feira","0"
"20250128","2025-01-28","2025","1","1","Janeiro","28","2","Terca-feira","0"
"20250129","2025-01-29","2025","1","1","Janeiro","29","3","Quarta-feira","0"
"20250130","2025-01-30","2025","1","1","Janeiro","30","4","Quinta-feira","0"
"20250131","2025-01-31","2025","1","1","Janeiro","31","5","Sexta-feira","0"
"20250201","2025-02-01","2025","1","2","Fevereiro","1","6","Sabado","1"
"20250202","2025-02-02","2025","1","2","Fevereiro","2","0","Domingo","1"
"20250203","2025-02-03","2025","1","2","Fevereiro","3","1","Segunda-feira","0"
"20250204","2025-02-04","2025","1","2","Fevereiro","4","2","Terca-feira","0"
"20250205","2025-02-05","2025","1","2","Fevereiro","5","3","Quarta-feira","0"
"20250206","2025-02-06","2025","1","2","Fevereiro","6","4","Quinta-feira","0"
"20250207","2025-02-07","2025","1","2","Fevereiro","7","5","Sexta-feira","0"
"20250208","2025-02-08","2025","1","2","Fevereiro","8","6","Sabado","1"
"20250209","2025-02-09","2025","1","2","Fevereiro","9","0","Domingo","1"
"20250210","2025-02-10","2025","1","2","Fevereiro","10","1","Segunda-feira","0"
"20250211","2025-02-11","2025","1","2","Fevereiro","11","2","Terca-feira","0"
"20250212","2025-02-12","2025","1","2","Fevereiro","12","3","Quarta-feira","0"
"20250213","2025-02-13","2025","1","2","Fevereiro","13","4","Quinta-feira","0"
"20250214","2025-02-14","2025","1","2","Fevereiro","14","5","Sexta-feira","0"
"20250215","2025-02-15","2025","1","2","Fevereiro","15","6","Sabado","1"
"20250216","2025-02-16","2025","1","2","Fevereiro","16","0","Domingo","1"
"20250217","2025-02-17","2025","1","2","Fevereiro","17","1","Segunda-feira","0"
"20250218","2025-02-18","2025","1","2","Fevereiro","18","2","Terca-feira","0"
"20250219","2025-02-19","2025","1","2","Fevereiro","19","3","Quarta-feira","0"
"20250220","2025-02-20","2025","1","2","Fevereiro","20","4","Quinta-feira","0"
"20250221","2025-02-21","2025","1","2","Fevereiro","21","5","Sexta-feira","0"
"20250222","2025-02-22","2025","1","2","Fevereiro","22","6","Sabado","1"
"20250223","2025-02-23","2025","1","2","Fevereiro","23","0","Domingo","1"
"20250224","2025-02-24","2025","1","2","Fevereiro","24","1","Segunda-feira","0"
"20250225","2025-02-25","2025","1","2","Fevereiro","25","2","Terca-feira","0"
"20250226","2025-02-26","2025","1","2","Fevereiro","26","3","Quarta-feira","0"
"20250227","2025-02-27","2025","1","2","Fevereiro","27","4","Quinta-feira","0"
"20250228","2025-02-28","2025","1","2","Fevereiro","28","5","Sexta-feira","0"
"20250301","2025-03-01","2025","1","3","Marco","1","6","Sabado","1"
"20250302","2025-03-02","2025","1","3","Marco","2","0","Domingo","1"
"20250303","2025-03-03","2025","1","3","Marco","3","1","Segunda-feira","0"
"20250304","2025-03-04","2025","1","3","Marco","4","2","Terca-feira","0"
"20250305","2025-03-05","2025","1","3","Marco","5","3","Quarta-feira","0"
"20250306","2025-03-06","2025","1","3","Marco","6","4","Quinta-feira","0"
"20250307","2025-03-07","2025","1","3","Marco","7","5","Sexta-feira","0"
"20250308","2025-03-08","2025","1","3","Marco","8","6","Sabado","1"
"20250309","2025-03-09","2025","1","3","Marco","9","0","Domingo","1"
"20250310","2025-03-10","2025","1","3","Marco","10","1","Segunda-feira","0"
"20250311","2025-03-11","2025","1","3","Marco","11","2","Terca-feira","0"
"20250312","2025-03-12","2025","1","3","Marco","12","3","Quarta-feira","0"
"20250313","2025-03-13","2025","1","3","Marco","13","4","Quinta-feira","0"
"20250314","2025-03-14","2025","1","3","Marco","14","5","Sexta-feira","0"
"20250315","2025-03-15","2025","1","3","Marco","15","6","Sabado","1"
"20250316","2025-03-16","2025","1","3","Marco","16","0","Domingo","1"
"20250317","2025-03-17","2025","1","3","Marco","17","1","Segunda-feira","0"
"20250318","2025-03-18","2025","1","3","Marco","18","2","Terca-feira","0"
"20250319","2025-03-19","2025","1","3","Marco","19","3","Quarta-feira","0"
"20250320","2025-03-20","2025","1","3","Marco","20","4","Quinta-feira","0"
"20250321","2025-03-21","2025","1","3","Marco","21","5","Sexta-feira","0"
"20250322","2025-03-22","2025","1","3","Marco","22","6","Sabado","1"
"20250323","2025-03-23","2025","1","3","Marco","23","0","Domingo","1"
"20250324","2025-03-24","2025","1","3","Marco","24","1","Segunda-feira","0"
"20250325","2025-03-25","2025","1","3","Marco","25","2","Terca-feira","0"
"20250326","2025-03-26","2025","1","3","Marco","26","3","Quarta-feira","0"
"20250327","2025-03-27","2025","1","3","Marco","27","4","Quinta-feira","0"
"20250328","2025-03-28","2025","1","3","Marco","28","5","Sexta-feira","0"
"20250329","2025-03-29","2025","1","3","Marco","29","6","Sabado","1"
"20250330","2025-03-30","2025","1","3","Marco","30","0","Domingo","1"
"20250331","2025-03-31","2025","1","3","Marco","31","1","Segunda-feira","0"
"20250401","2025-04-01","2025","2","4","Abril","1","2","Terca-feira","0"
"20250402","2025-04-02","2025","2","4","Abril","2","3","Quarta-feira","0"
"20250403","2025-04-03","2025","2","4","Abril","3","4","Quinta-feira","0"
"20250404","2025-04-04","2025","2","4","Abril","4","5","Sexta-feira","0"
"20250405","2025-04-05","2025","2","4","Abril","5","6","Sabado","1"
"20250406","2025-04-06","2025","2","4","Abril","6","0","Domingo","1"
"20250407","2025-04-07","2025","2","4","Abril","7","1","Segunda-feira","0"
"20250408","2025-04-08","2025","2","4","Abril","8","2","Terca-feira","0"
"20250409","2025-04-09","2025","2","4","Abril","9","3","Quarta-feira","0"
"20250410","2025-04-10","2025","2","4","Abril","10","4","Quinta-feira","0"
"20250411","2025-04-11","2025","2","4","Abril","11","5","Sexta-feira","0"
"20250412","2025-04-12","2025","2","4","Abril","12","6","Sabado","1"
"20250413","2025-04-13","2025","2","4","Abril","13","0","Domingo","1"
"20250414","2025-04-14","2025","2","4","Abril","14","1","Segunda-feira","0"
"20250415","2025-04-15","2025","2","4","Abril","15","2","Terca-feira","0"
"20250416","2025-04-16","2025","2","4","Abril","16","3","Quarta-feira","0"
"20250417","2025-04-17","2025","2","4","Abril","17","4","Quinta-feira","0"
"20250418","2025-04-18","2025","2","4","Abril","18","5","Sexta-feira","0"
"20250419","2025-04-19","2025","2","4","Abril","19","6","Sabado","1"
"20250420","2025-04-20","2025","2","4","Abril","20","0","Domingo","1"
"20250421","2025-04-21","2025","2","4","Abril","21","1","Segunda-feira","0"
"20250422","2025-04-22","2025","2","4","Abril","22","2","Terca-feira","0"
"20250423","2025-04-23","2025","2","4","Abril","23","3","Quarta-feira","0"
"20250424","2025-04-24","2025","2","4","Abril","24","4","Quinta-feira","0"
"20250425","2025-04-25","2025","2","4","Abril","25","5","Sexta-feira","0"
"20250426","2025-04-26","2025","2","4","Abril","26","6","Sabado","1"
"20250427","2025-04-27","2025","2","4","Abril","27","0","Domingo","1"
"20250428","2025-04-28","2025","2","4","Abril","28","1","Segunda-feira","0"
"20250429","2025-04-29","2025","2","4","Abril","29","2","Terca-feira","0"
"20250430","2025-04-30","2025","2","4","Abril","30","3","Quarta-feira","0"
"20250501","2025-05-01","2025","2","5","Maio","1","4","Quinta-feira","0"
"20250502","2025-05-02","2025","2","5","Maio","2","5","Sexta-feira","0"
"20250503","2025-05-03","2025","2","5","Maio","3","6","Sabado","1"
"20250504","2025-05-04","2025","2","5","Maio","4","0","Domingo","1"
"20250505","2025-05-05","2025","2","5","Maio","5","1","Segunda-feira","0"
"20250506","2025-05-06","2025","2","5","Maio","6","2","Terca-feira","0"
"20250507","2025-05-07","2025","2","5","Maio","7","3","Quarta-feira","0"
"20250508","2025-05-08","2025","2","5","Maio","8","4","Quinta-feira","0"
"20250509","2025-05-09","2025","2","5","Maio","9","5","Sexta-feira","0"
"20250510","2025-05-10","2025","2","5","Maio","10","6","Sabado","1"
"20250511","2025-05-11","2025","2","5","Maio","11","0","Domingo","1"
"20250512","2025-05-12","2025","2","5","Maio","12","1","Segunda-feira","0"
"20250513","2025-05-13","2025","2","5","Maio","13","2","Terca-feira","0"
"20250514","2025-05-14","2025","2","5","Maio","14","3","Quarta-feira","0"
"20250515","2025-05-15","2025","2","5","Maio","15","4","Quinta-feira","0"
"20250516","2025-05-16","2025","2","5","Maio","16","5","Sexta-feira","0"
"20250517","2025-05-17","2025","2","5","Maio","17","6","Sabado","1"
"20250518","2025-05-18","2025","2","5","Maio","18","0","Domingo","1"
"20250519","2025-05-19","2025","2","5","Maio","19","1","Segunda-feira","0"
"20250520","2025-05-20","2025","2","5","Maio","20","2","Terca-feira","0"
"20250521","2025-05-21","2025","2","5","Maio","21","3","Quarta-feira","0"
"20250522","2025-05-22","2025","2","5","Maio","22","4","Quinta-feira","0"
"20250523","2025-05-23","2025","2","5","Maio","23","5","Sexta-feira","0"
"20250524","2025-05-24","2025","2","5","Maio","24","6","Sabado","1"
"20250525","2025-05-25","2025","2","5","Maio","25","0","Domingo","1"
"20250526","2025-05-26","2025","2","5","Maio","26","1","Segunda-feira","0"
"20250527","2025-05-27","2025","2","5","Maio","27","2","Terca-feira","0"
"20250528","2025-05-28","2025","2","5","Maio","28","3","Quarta-feira","0"
"20250529","2025-05-29","2025","2","5","Maio","29","4","Quinta-feira","0"
"20250530","2025-05-30","2025","2","5","Maio","30","5","Sexta-feira","0"
"20250531","2025-05-31","2025","2","5","Maio","31","6","Sabado","1"
"20250601","2025-06-01","2025","2","6","Junho","1","0","Domingo","1"
"20250602","2025-06-02","2025","2","6","Junho","2","1","Segunda-feira","0"
"20250603","2025-06-03","2025","2","6","Junho","3","2","Terca-feira","0"
"20250604","2025-06-04","2025","2","6","Junho","4","3","Quarta-feira","0"
"20250605","2025-06-05","2025","2","6","Junho","5","4","Quinta-feira","0"
"20250606","2025-06-06","2025","2","6","Junho","6","5","Sexta-feira","0"
"20250607","2025-06-07","2025","2","6","Junho","7","6","Sabado","1"
"20250608","2025-06-08","2025","2","6","Junho","8","0","Domingo","1"
"20250609","2025-06-09","2025","2","6","Junho","9","1","Segunda-feira","0"
"20250610","2025-06-10","2025","2","6","Junho","10","2","Terca-feira","0"
"20250611","2025-06-11","2025","2","6","Junho","11","3","Quarta-feira","0"
"20250612","2025-06-12","2025","2","6","Junho","12","4","Quinta-feira","0"
"20250613","2025-06-13","2025","2","6","Junho","13","5","Sexta-feira","0"
"20250614","2025-06-14","2025","2","6","Junho","14","6","Sabado","1"
"20250615","2025-06-15","2025","2","6","Junho","15","0","Domingo","1"
"20250616","2025-06-16","2025","2","6","Junho","16","1","Segunda-feira","0"
"20250617","2025-06-17","2025","2","6","Junho","17","2","Terca-feira","0"
"20250618","2025-06-18","2025","2","6","Junho","18","3","Quarta-feira","0"
"20250619","2025-06-19","2025","2","6","Junho","19","4","Quinta-feira","0"
"20250620","2025-06-20","2025","2","6","Junho","20","5","Sexta-feira","0"
"20250621","2025-06-21","2025","2","6","Junho","21","6","Sabado","1"
"20250622","2025-06-22","2025","2","6","Junho","22","0","Domingo","1"
"20250623","2025-06-23","2025","2","6","Junho","23","1","Segunda-feira","0"
"20250624","2025-06-24","2025","2","6","Junho","24","2","Terca-feira","0"
"20250625","2025-06-25","2025","2","6","Junho","25","3","Quarta-feira","0"
"20250626","2025-06-26","2025","2","6","Junho","26","4","Quinta-feira","0"
"20250627","2025-06-27","2025","2","6","Junho","27","5","Sexta-feira","0"
"20250628","2025-06-28","2025","2","6","Junho","28","6","Sabado","1"
"20250629","2025-06-29","2025","2","6","Junho","29","0","Domingo","1"
"20250630","2025-06-30","2025","2","6","Junho","30","1","Segunda-feira","0"
"20250701","2025-07-01","2025","3","7","Julho","1","2","Terca-feira","0"
"20250702","2025-07-02","2025","3","7","Julho","2","3","Quarta-feira","0"
"20250703","2025-07-03","2025","3","7","Julho","3","4","Quinta-feira","0"
"20250704","2025-07-04","2025","3","7","Julho","4","5","Sexta-feira","0"
"20250705","2025-07-05","2025","3","7","Julho","5","6","Sabado","1"
"20250706","2025-07-06","2025","3","7","Julho","6","0","Domingo","1"
"20250707","2025-07-07","2025","3","7","Julho","7","1","Segunda-feira","0"
"20250708","2025-07-08","2025","3","7","Julho","8","2","Terca-feira","0"
"20250709","2025-07-09","2025","3","7","Julho","9","3","Quarta-feira","0"
"20250710","2025-07-10","2025","3","7","Julho","10","4","Quinta-feira","0"
"20250711","2025-07-11","2025","3","7","Julho","11","5","Sexta-feira","0"
"20250712","2025-07-12","2025","3","7","Julho","12","6","Sabado","1"
"20250713","2025-07-13","2025","3","7","Julho","13","0","Domingo","1"
"20250714","2025-07-14","2025","3","7","Julho","14","1","Segunda-feira","0"
"20250715","2025-07-15","2025","3","7","Julho","15","2","Terca-feira","0"
"20250716","2025-07-16","2025","3","7","Julho","16","3","Quarta-feira","0"
"20250717","2025-07-17","2025","3","7","Julho","17","4","Quinta-feira","0"
"20250718","2025-07-18","2025","3","7","Julho","18","5","Sexta-feira","0"
"20250719","2025-07-19","2025","3","7","Julho","19","6","Sabado","1"
"20250720","2025-07-20","2025","3","7","Julho","20","0","Domingo","1"
"20250721","2025-07-21","2025","3","7","Julho","21","1","Segunda-feira","0"
"20250722","2025-07-22","2025","3","7","Julho","22","2","Terca-feira","0"
"20250723","2025-07-23","2025","3","7","Julho","23","3","Quarta-feira","0"
"20250724","2025-07-24","2025","3","7","Julho","24","4","Quinta-feira","0"
"20250725","2025-07-25","2025","3","7","Julho","25","5","Sexta-feira","0"
"20250726","2025-07-26","2025","3","7","Julho","26","6","Sabado","1"
"20250727","2025-07-27","2025","3","7","Julho","27","0","Domingo","1"
"20250728","2025-07-28","2025","3","7","Julho","28","1","Segunda-feira","0"
"20250729","2025-07-29","2025","3","7","Julho","29","2","Terca-feira","0"
"20250730","2025-07-30","2025","3","7","Julho","30","3","Quarta-feira","0"
"20250731","2025-07-31","2025","3","7","Julho","31","4","Quinta-feira","0"
"20250801","2025-08-01","2025","3","8","Agosto","1","5","Sexta-feira","0"
"20250802","2025-08-02","2025","3","8","Agosto","2","6","Sabado","1"
"20250803","2025-08-03","2025","3","8","Agosto","3","0","Domingo","1"
"20250804","2025-08-04","2025","3","8","Agosto","4","1","Segunda-feira","0"
"20250805","2025-08-05","2025","3","8","Agosto","5","2","Terca-feira","0"
"20250806","2025-08-06","2025","3","8","Agosto","6","3","Quarta-feira","0"
"20250807","2025-08-07","2025","3","8","Agosto","7","4","Quinta-feira","0"
"20250808","2025-08-08","2025","3","8","Agosto","8","5","Sexta-feira","0"
"20250809","2025-08-09","2025","3","8","Agosto","9","6","Sabado","1"
"20250810","2025-08-10","2025","3","8","Agosto","10","0","Domingo","1"
"20250811","2025-08-11","2025","3","8","Agosto","11","1","Segunda-feira","0"
"20250812","2025-08-12","2025","3","8","Agosto","12","2","Terca-feira","0"
"20250813","2025-08-13","2025","3","8","Agosto","13","3","Quarta-feira","0"
"20250814","2025-08-14","2025","3","8","Agosto","14","4","Quinta-feira","0"
"20250815","2025-08-15","2025","3","8","Agosto","15","5","Sexta-feira","0"
"20250816","2025-08-16","2025","3","8","Agosto","16","6","Sabado","1"
"20250817","2025-08-17","2025","3","8","Agosto","17","0","Domingo","1"
"20250818","2025-08-18","2025","3","8","Agosto","18","1","Segunda-feira","0"
"20250819","2025-08-19","2025","3","8","Agosto","19","2","Terca-feira","0"
"20250820","2025-08-20","2025","3","8","Agosto","20","3","Quarta-feira","0"
"20250821","2025-08-21","2025","3","8","Agosto","21","4","Quinta-feira","0"
"20250822","2025-08-22","2025","3","8","Agosto","22","5","Sexta-feira","0"
"20250823","2025-08-23","2025","3","8","Agosto","23","6","Sabado","1"
"20250824","2025-08-24","2025","3","8","Agosto","24","0","Domingo","1"
"20250825","2025-08-25","2025","3","8","Agosto","25","1","Segunda-feira","0"
"20250826","2025-08-26","2025","3","8","Agosto","26","2","Terca-feira","0"
"20250827","2025-08-27","2025","3","8","Agosto","27","3","Quarta-feira","0"
"20250828","2025-08-28","2025","3","8","Agosto","28","4","Quinta-feira","0"
"20250829","2025-08-29","2025","3","8","Agosto","29","5","Sexta-feira","0"
"20250830","2025-08-30","2025","3","8","Agosto","30","6","Sabado","1"
"20250831","2025-08-31","2025","3","8","Agosto","31","0","Domingo","1"
"20250901","2025-09-01","2025","3","9","Setembro","1","1","Segunda-feira","0"
"20250902","2025-09-02","2025","3","9","Setembro","2","2","Terca-feira","0"
"20250903","2025-09-03","2025","3","9","Setembro","3","3","Quarta-feira","0"
"20250904","2025-09-04","2025","3","9","Setembro","4","4","Quinta-feira","0"
"20250905","2025-09-05","2025","3","9","Setembro","5","5","Sexta-feira","0"
"20250906","2025-09-06","2025","3","9","Setembro","6","6","Sabado","1"
"20250907","2025-09-07","2025","3","9","Setembro","7","0","Domingo","1"
"20250908","2025-09-08","2025","3","9","Setembro","8","1","Segunda-feira","0"
"20250909","2025-09-09","2025","3","9","Setembro","9","2","Terca-feira","0"
"20250910","2025-09-10","2025","3","9","Setembro","10","3","Quarta-feira","0"
"20250911","2025-09-11","2025","3","9","Setembro","11","4","Quinta-feira","0"
"20250912","2025-09-12","2025","3","9","Setembro","12","5","Sexta-feira","0"
"20250913","2025-09-13","2025","3","9","Setembro","13","6","Sabado","1"
"20250914","2025-09-14","2025","3","9","Setembro","14","0","Domingo","1"
"20250915","2025-09-15","2025","3","9","Setembro","15","1","Segunda-feira","0"
"20250916","2025-09-16","2025","3","9","Setembro","16","2","Terca-feira","0"
"20250917","2025-09-17","2025","3","9","Setembro","17","3","Quarta-feira","0"
"20250918","2025-09-18","2025","3","9","Setembro","18","4","Quinta-feira","0"
"20250919","2025-09-19","2025","3","9","Setembro","19","5","Sexta-feira","0"
"20250920","2025-09-20","2025","3","9","Setembro","20","6","Sabado","1"
"20250921","2025-09-21","2025","3","9","Setembro","21","0","Domingo","1"
"20250922","2025-09-22","2025","3","9","Setembro","22","1","Segunda-feira","0"
"20250923","2025-09-23","2025","3","9","Setembro","23","2","Terca-feira","0"
"20250924","2025-09-24","2025","3","9","Setembro","24","3","Quarta-feira","0"
"20250925","2025-09-25","2025","3","9","Setembro","25","4","Quinta-feira","0"
"20250926","2025-09-26","2025","3","9","Setembro","26","5","Sexta-feira","0"
"20250927","2025-09-27","2025","3","9","Setembro","27","6","Sabado","1"
"20250928","2025-09-28","2025","3","9","Setembro","28","0","Domingo","1"
"20250929","2025-09-29","2025","3","9","Setembro","29","1","Segunda-feira","0"
"20250930","2025-09-30","2025","3","9","Setembro","30","2","Terca-feira","0"
"20251001","2025-10-01","2025","4","10","Outubro","1","3","Quarta-feira","0"
"20251002","2025-10-02","2025","4","10","Outubro","2","4","Quinta-feira","0"
"20251003","2025-10-03","2025","4","10","Outubro","3","5","Sexta-feira","0"
"20251004","2025-10-04","2025","4","10","Outubro","4","6","Sabado","1"
"20251005","2025-10-05","2025","4","10","Outubro","5","0","Domingo","1"
"20251006","2025-10-06","2025","4","10","Outubro","6","1","Segunda-feira","0"
"20251007","2025-10-07","2025","4","10","Outubro","7","2","Terca-feira","0"
"20251008","2025-10-08","2025","4","10","Outubro","8","3","Quarta-feira","0"
"20251009","2025-10-09","2025","4","10","Outubro","9","4","Quinta-feira","0"
"20251010","2025-10-10","2025","4","10","Outubro","10","5","Sexta-feira","0"
"20251011","2025-10-11","2025","4","10","Outubro","11","6","Sabado","1"
"20251012","2025-10-12","2025","4","10","Outubro","12","0","Domingo","1"
"20251013","2025-10-13","2025","4","10","Outubro","13","1","Segunda-feira","0"
"20251014","2025-10-14","2025","4","10","Outubro","14","2","Terca-feira","0"
"20251015","2025-10-15","2025","4","10","Outubro","15","3","Quarta-feira","0"
"20251016","2025-10-16","2025","4","10","Outubro","16","4","Quinta-feira","0"
"20251017","2025-10-17","2025","4","10","Outubro","17","5","Sexta-feira","0"
"20251018","2025-10-18","2025","4","10","Outubro","18","6","Sabado","1"
"20251019","2025-10-19","2025","4","10","Outubro","19","0","Domingo","1"
"20251020","2025-10-20","2025","4","10","Outubro","20","1","Segunda-feira","0"
"20251021","2025-10-21","2025","4","10","Outubro","21","2","Terca-feira","0"
"20251022","2025-10-22","2025","4","10","Outubro","22","3","Quarta-feira","0"
"20251023","2025-10-23","2025","4","10","Outubro","23","4","Quinta-feira","0"
"20251024","2025-10-24","2025","4","10","Outubro","24","5","Sexta-feira","0"
"20251025","2025-10-25","2025","4","10","Outubro","25","6","Sabado","1"
"20251026","2025-10-26","2025","4","10","Outubro","26","0","Domingo","1"
"20251027","2025-10-27","2025","4","10","Outubro","27","1","Segunda-feira","0"
"20251028","2025-10-28","2025","4","10","Outubro","28","2","Terca-feira","0"
"20251029","2025-10-29","2025","4","10","Outubro","29","3","Quarta-feira","0"
"20251030","2025-10-30","2025","4","10","Outubro","30","4","Quinta-feira","0"
"20251031","2025-10-31","2025","4","10","Outubro","31","5","Sexta-feira","0"
"20251101","2025-11-01","2025","4","11","Novembro","1","6","Sabado","1"
"20251102","2025-11-02","2025","4","11","Novembro","2","0","Domingo","1"
"20251103","2025-11-03","2025","4","11","Novembro","3","1","Segunda-feira","0"
"20251104","2025-11-04","2025","4","11","Novembro","4","2","Terca-feira","0"
"20251105","2025-11-05","2025","4","11","Novembro","5","3","Quarta-feira","0"
"20251106","2025-11-06","2025","4","11","Novembro","6","4","Quinta-feira","0"
"20251107","2025-11-07","2025","4","11","Novembro","7","5","Sexta-feira","0"
"20251108","2025-11-08","2025","4","11","Novembro","8","6","Sabado","1"
"20251109","2025-11-09","2025","4","11","Novembro","9","0","Domingo","1"
"20251110","2025-11-10","2025","4","11","Novembro","10","1","Segunda-feira","0"
"20251111","2025-11-11","2025","4","11","Novembro","11","2","Terca-feira","0"
"20251112","2025-11-12","2025","4","11","Novembro","12","3","Quarta-feira","0"
"20251113","2025-11-13","2025","4","11","Novembro","13","4","Quinta-feira","0"
"20251114","2025-11-14","2025","4","11","Novembro","14","5","Sexta-feira","0"
"20251115","2025-11-15","2025","4","11","Novembro","15","6","Sabado","1"
"20251116","2025-11-16","2025","4","11","Novembro","16","0","Domingo","1"
"20251117","2025-11-17","2025","4","11","Novembro","17","1","Segunda-feira","0"
"20251118","2025-11-18","2025","4","11","Novembro","18","2","Terca-feira","0"
"20251119","2025-11-19","2025","4","11","Novembro","19","3","Quarta-feira","0"
"20251120","2025-11-20","2025","4","11","Novembro","20","4","Quinta-feira","0"
"20251121","2025-11-21","2025","4","11","Novembro","21","5","Sexta-feira","0"
"20251122","2025-11-22","2025","4","11","Novembro","22","6","Sabado","1"
"20251123","2025-11-23","2025","4","11","Novembro","23","0","Domingo","1"
"20251124","2025-11-24","2025","4","11","Novembro","24","1","Segunda-feira","0"
"20251125","2025-11-25","2025","4","11","Novembro","25","2","Terca-feira","0"
"20251126","2025-11-26","2025","4","11","Novembro","26","3","Quarta-feira","0"
"20251127","2025-11-27","2025","4","11","Novembro","27","4","Quinta-feira","0"
"20251128","2025-11-28","2025","4","11","Novembro","28","5","Sexta-feira","0"
"20251129","2025-11-29","2025","4","11","Novembro","29","6","Sabado","1"
"20251130","2025-11-30","2025","4","11","Novembro","30","0","Domingo","1"
"20251201","2025-12-01","2025","4","12","Dezembro","1","1","Segunda-feira","0"
"20251202","2025-12-02","2025","4","12","Dezembro","2","2","Terca-feira","0"
"20251203","2025-12-03","2025","4","12","Dezembro","3","3","Quarta-feira","0"
"20251204","2025-12-04","2025","4","12","Dezembro","4","4","Quinta-feira","0"
"20251205","2025-12-05","2025","4","12","Dezembro","5","5","Sexta-feira","0"
"20251206","2025-12-06","2025","4","12","Dezembro","6","6","Sabado","1"
"20251207","2025-12-07","2025","4","12","Dezembro","7","0","Domingo","1"
"20251208","2025-12-08","2025","4","12","Dezembro","8","1","Segunda-feira","0"
"20251209","2025-12-09","2025","4","12","Dezembro","9","2","Terca-feira","0"
"20251210","2025-12-10","2025","4","12","Dezembro","10","3","Quarta-feira","0"
"20251211","2025-12-11","2025","4","12","Dezembro","11","4","Quinta-feira","0"
"20251212","2025-12-12","2025","4","12","Dezembro","12","5","Sexta-feira","0"
"20251213","2025-12-13","2025","4","12","Dezembro","13","6","Sabado","1"
"20251214","2025-12-14","2025","4","12","Dezembro","14","0","Domingo","1"
"20251215","2025-12-15","2025","4","12","Dezembro","15","1","Segunda-feira","0"
"20251216","2025-12-16","2025","4","12","Dezembro","16","2","Terca-feira","0"
"20251217","2025-12-17","2025","4","12","Dezembro","17","3","Quarta-feira","0"
"20251218","2025-12-18","2025","4","12","Dezembro","18","4","Quinta-feira","0"
"20251219","2025-12-19","2025","4","12","Dezembro","19","5","Sexta-feira","0"
"20251220","2025-12-20","2025","4","12","Dezembro","20","6","Sabado","1"
"20251221","2025-12-21","2025","4","12","Dezembro","21","0","Domingo","1"
"20251222","2025-12-22","2025","4","12","Dezembro","22","1","Segunda-feira","0"
"20251223","2025-12-23","2025","4","12","Dezembro","23","2","Terca-feira","0"
"20251224","2025-12-24","2025","4","12","Dezembro","24","3","Quarta-feira","0"
"20251225","2025-12-25","2025","4","12","Dezembro","25","4","Quinta-feira","0"
"20251226","2025-12-26","2025","4","12","Dezembro","26","5","Sexta-feira","0"
"20251227","2025-12-27","2025","4","12","Dezembro","27","6","Sabado","1"
"20251228","2025-12-28","2025","4","12","Dezembro","28","0","Domingo","1"
"20251229","2025-12-29","2025","4","12","Dezembro","29","1","Segunda-feira","0"
"20251230","2025-12-30","2025","4","12","Dezembro","30","2","Terca-feira","0"
"20251231","2025-12-31","2025","4","12","Dezembro","31","3","Quarta-feira","0"
"20260101","2026-01-01","2026","1","1","Janeiro","1","4","Quinta-feira","0"
"20260102","2026-01-02","2026","1","1","Janeiro","2","5","Sexta-feira","0"
"20260103","2026-01-03","2026","1","1","Janeiro","3","6","Sabado","1"
"20260104","2026-01-04","2026","1","1","Janeiro","4","0","Domingo","1"
"20260105","2026-01-05","2026","1","1","Janeiro","5","1","Segunda-feira","0"
"20260106","2026-01-06","2026","1","1","Janeiro","6","2","Terca-feira","0"
"20260107","2026-01-07","2026","1","1","Janeiro","7","3","Quarta-feira","0"
"20260108","2026-01-08","2026","1","1","Janeiro","8","4","Quinta-feira","0"
"20260109","2026-01-09","2026","1","1","Janeiro","9","5","Sexta-feira","0"
"20260110","2026-01-10","2026","1","1","Janeiro","10","6","Sabado","1"
"20260111","2026-01-11","2026","1","1","Janeiro","11","0","Domingo","1"
"20260112","2026-01-12","2026","1","1","Janeiro","12","1","Segunda-feira","0"
"20260113","2026-01-13","2026","1","1","Janeiro","13","2","Terca-feira","0"
"20260114","2026-01-14","2026","1","1","Janeiro","14","3","Quarta-feira","0"
"20260115","2026-01-15","2026","1","1","Janeiro","15","4","Quinta-feira","0"
"20260116","2026-01-16","2026","1","1","Janeiro","16","5","Sexta-feira","0"
"20260117","2026-01-17","2026","1","1","Janeiro","17","6","Sabado","1"
"20260118","2026-01-18","2026","1","1","Janeiro","18","0","Domingo","1"
"20260119","2026-01-19","2026","1","1","Janeiro","19","1","Segunda-feira","0"
"20260120","2026-01-20","2026","1","1","Janeiro","20","2","Terca-feira","0"
"20260121","2026-01-21","2026","1","1","Janeiro","21","3","Quarta-feira","0"
"20260122","2026-01-22","2026","1","1","Janeiro","22","4","Quinta-feira","0"
"20260123","2026-01-23","2026","1","1","Janeiro","23","5","Sexta-feira","0"
"20260124","2026-01-24","2026","1","1","Janeiro","24","6","Sabado","1"
"20260125","2026-01-25","2026","1","1","Janeiro","25","0","Domingo","1"
"20260126","2026-01-26","2026","1","1","Janeiro","26","1","Segunda-feira","0"
"20260127","2026-01-27","2026","1","1","Janeiro","27","2","Terca-feira","0"
"20260128","2026-01-28","2026","1","1","Janeiro","28","3","Quarta-feira","0"
"20260129","2026-01-29","2026","1","1","Janeiro","29","4","Quinta-feira","0"
"20260130","2026-01-30","2026","1","1","Janeiro","30","5","Sexta-feira","0"
"20260131","2026-01-31","2026","1","1","Janeiro","31","6","Sabado","1"
"20260201","2026-02-01","2026","1","2","Fevereiro","1","0","Domingo","1"
"20260202","2026-02-02","2026","1","2","Fevereiro","2","1","Segunda-feira","0"
"20260203","2026-02-03","2026","1","2","Fevereiro","3","2","Terca-feira","0"
"20260204","2026-02-04","2026","1","2","Fevereiro","4","3","Quarta-feira","0"
"20260205","2026-02-05","2026","1","2","Fevereiro","5","4","Quinta-feira","0"
"20260206","2026-02-06","2026","1","2","Fevereiro","6","5","Sexta-feira","0"
"20260207","2026-02-07","2026","1","2","Fevereiro","7","6","Sabado","1"
"20260208","2026-02-08","2026","1","2","Fevereiro","8","0","Domingo","1"
"20260209","2026-02-09","2026","1","2","Fevereiro","9","1","Segunda-feira","0"
"20260210","2026-02-10","2026","1","2","Fevereiro","10","2","Terca-feira","0"
"20260211","2026-02-11","2026","1","2","Fevereiro","11","3","Quarta-feira","0"
"20260212","2026-02-12","2026","1","2","Fevereiro","12","4","Quinta-feira","0"
"20260213","2026-02-13","2026","1","2","Fevereiro","13","5","Sexta-feira","0"
"20260214","2026-02-14","2026","1","2","Fevereiro","14","6","Sabado","1"
"20260215","2026-02-15","2026","1","2","Fevereiro","15","0","Domingo","1"
"20260216","2026-02-16","2026","1","2","Fevereiro","16","1","Segunda-feira","0"
"20260217","2026-02-17","2026","1","2","Fevereiro","17","2","Terca-feira","0"
"20260218","2026-02-18","2026","1","2","Fevereiro","18","3","Quarta-feira","0"
"20260219","2026-02-19","2026","1","2","Fevereiro","19","4","Quinta-feira","0"
"20260220","2026-02-20","2026","1","2","Fevereiro","20","5","Sexta-feira","0"
"20260221","2026-02-21","2026","1","2","Fevereiro","21","6","Sabado","1"
"20260222","2026-02-22","2026","1","2","Fevereiro","22","0","Domingo","1"
"20260223","2026-02-23","2026","1","2","Fevereiro","23","1","Segunda-feira","0"
"20260224","2026-02-24","2026","1","2","Fevereiro","24","2","Terca-feira","0"
"20260225","2026-02-25","2026","1","2","Fevereiro","25","3","Quarta-feira","0"
"20260226","2026-02-26","2026","1","2","Fevereiro","26","4","Quinta-feira","0"
"20260227","2026-02-27","2026","1","2","Fevereiro","27","5","Sexta-feira","0"
"20260228","2026-02-28","2026","1","2","Fevereiro","28","6","Sabado","1"
"20260301","2026-03-01","2026","1","3","Marco","1","0","Domingo","1"
"20260302","2026-03-02","2026","1","3","Marco","2","1","Segunda-feira","0"
"20260303","2026-03-03","2026","1","3","Marco","3","2","Terca-feira","0"
"20260304","2026-03-04","2026","1","3","Marco","4","3","Quarta-feira","0"
"20260305","2026-03-05","2026","1","3","Marco","5","4","Quinta-feira","0"
"20260306","2026-03-06","2026","1","3","Marco","6","5","Sexta-feira","0"
"20260307","2026-03-07","2026","1","3","Marco","7","6","Sabado","1"
"20260308","2026-03-08","2026","1","3","Marco","8","0","Domingo","1"
"20260309","2026-03-09","2026","1","3","Marco","9","1","Segunda-feira","0"
"20260310","2026-03-10","2026","1","3","Marco","10","2","Terca-feira","0"
"20260311","2026-03-11","2026","1","3","Marco","11","3","Quarta-feira","0"
"20260312","2026-03-12","2026","1","3","Marco","12","4","Quinta-feira","0"
"20260313","2026-03-13","2026","1","3","Marco","13","5","Sexta-feira","0"
"20260314","2026-03-14","2026","1","3","Marco","14","6","Sabado","1"
"20260315","2026-03-15","2026","1","3","Marco","15","0","Domingo","1"
"20260316","2026-03-16","2026","1","3","Marco","16","1","Segunda-feira","0"
"20260317","2026-03-17","2026","1","3","Marco","17","2","Terca-feira","0"
"20260318","2026-03-18","2026","1","3","Marco","18","3","Quarta-feira","0"
"20260319","2026-03-19","2026","1","3","Marco","19","4","Quinta-feira","0"
"20260320","2026-03-20","2026","1","3","Marco","20","5","Sexta-feira","0"
"20260321","2026-03-21","2026","1","3","Marco","21","6","Sabado","1"
"20260322","2026-03-22","2026","1","3","Marco","22","0","Domingo","1"
"20260323","2026-03-23","2026","1","3","Marco","23","1","Segunda-feira","0"
"20260324","2026-03-24","2026","1","3","Marco","24","2","Terca-feira","0"
"20260325","2026-03-25","2026","1","3","Marco","25","3","Quarta-feira","0"
"20260326","2026-03-26","2026","1","3","Marco","26","4","Quinta-feira","0"
"20260327","2026-03-27","2026","1","3","Marco","27","5","Sexta-feira","0"
"20260328","2026-03-28","2026","1","3","Marco","28","6","Sabado","1"
"20260329","2026-03-29","2026","1","3","Marco","29","0","Domingo","1"
"20260330","2026-03-30","2026","1","3","Marco","30","1","Segunda-feira","0"
"20260331","2026-03-31","2026","1","3","Marco","31","2","Terca-feira","0"
"20260401","2026-04-01","2026","2","4","Abril","1","3","Quarta-feira","0"
"20260402","2026-04-02","2026","2","4","Abril","2","4","Quinta-feira","0"
"20260403","2026-04-03","2026","2","4","Abril","3","5","Sexta-feira","0"
"20260404","2026-04-04","2026","2","4","Abril","4","6","Sabado","1"
"20260405","2026-04-05","2026","2","4","Abril","5","0","Domingo","1"
"20260406","2026-04-06","2026","2","4","Abril","6","1","Segunda-feira","0"
"20260407","2026-04-07","2026","2","4","Abril","7","2","Terca-feira","0"
"20260408","2026-04-08","2026","2","4","Abril","8","3","Quarta-feira","0"
"20260409","2026-04-09","2026","2","4","Abril","9","4","Quinta-feira","0"
"20260410","2026-04-10","2026","2","4","Abril","10","5","Sexta-feira","0"
"20260411","2026-04-11","2026","2","4","Abril","11","6","Sabado","1"
"20260412","2026-04-12","2026","2","4","Abril","12","0","Domingo","1"
"20260413","2026-04-13","2026","2","4","Abril","13","1","Segunda-feira","0"
"20260414","2026-04-14","2026","2","4","Abril","14","2","Terca-feira","0"
"20260415","2026-04-15","2026","2","4","Abril","15","3","Quarta-feira","0"
"20260416","2026-04-16","2026","2","4","Abril","16","4","Quinta-feira","0"
"20260417","2026-04-17","2026","2","4","Abril","17","5","Sexta-feira","0"
"20260418","2026-04-18","2026","2","4","Abril","18","6","Sabado","1"
"20260419","2026-04-19","2026","2","4","Abril","19","0","Domingo","1"
"20260420","2026-04-20","2026","2","4","Abril","20","1","Segunda-feira","0"
"20260421","2026-04-21","2026","2","4","Abril","21","2","Terca-feira","0"
"20260422","2026-04-22","2026","2","4","Abril","22","3","Quarta-feira","0"
"20260423","2026-04-23","2026","2","4","Abril","23","4","Quinta-feira","0"
"20260424","2026-04-24","2026","2","4","Abril","24","5","Sexta-feira","0"
"20260425","2026-04-25","2026","2","4","Abril","25","6","Sabado","1"
"20260426","2026-04-26","2026","2","4","Abril","26","0","Domingo","1"
"20260427","2026-04-27","2026","2","4","Abril","27","1","Segunda-feira","0"
"20260428","2026-04-28","2026","2","4","Abril","28","2","Terca-feira","0"
"20260429","2026-04-29","2026","2","4","Abril","29","3","Quarta-feira","0"
"20260430","2026-04-30","2026","2","4","Abril","30","4","Quinta-feira","0"
"20260501","2026-05-01","2026","2","5","Maio","1","5","Sexta-feira","0"
"20260502","2026-05-02","2026","2","5","Maio","2","6","Sabado","1"
"20260503","2026-05-03","2026","2","5","Maio","3","0","Domingo","1"
"20260504","2026-05-04","2026","2","5","Maio","4","1","Segunda-feira","0"
"20260505","2026-05-05","2026","2","5","Maio","5","2","Terca-feira","0"
"20260506","2026-05-06","2026","2","5","Maio","6","3","Quarta-feira","0"
"20260507","2026-05-07","2026","2","5","Maio","7","4","Quinta-feira","0"
"20260508","2026-05-08","2026","2","5","Maio","8","5","Sexta-feira","0"
"20260509","2026-05-09","2026","2","5","Maio","9","6","Sabado","1"
"20260510","2026-05-10","2026","2","5","Maio","10","0","Domingo","1"
"20260511","2026-05-11","2026","2","5","Maio","11","1","Segunda-feira","0"
"20260512","2026-05-12","2026","2","5","Maio","12","2","Terca-feira","0"
"20260513","2026-05-13","2026","2","5","Maio","13","3","Quarta-feira","0"
"20260514","2026-05-14","2026","2","5","Maio","14","4","Quinta-feira","0"
"20260515","2026-05-15","2026","2","5","Maio","15","5","Sexta-feira","0"
"20260516","2026-05-16","2026","2","5","Maio","16","6","Sabado","1"
"20260517","2026-05-17","2026","2","5","Maio","17","0","Domingo","1"
"20260518","2026-05-18","2026","2","5","Maio","18","1","Segunda-feira","0"
"20260519","2026-05-19","2026","2","5","Maio","19","2","Terca-feira","0"
"20260520","2026-05-20","2026","2","5","Maio","20","3","Quarta-feira","0"
"20260521","2026-05-21","2026","2","5","Maio","21","4","Quinta-feira","0"
"20260522","2026-05-22","2026","2","5","Maio","22","5","Sexta-feira","0"
"20260523","2026-05-23","2026","2","5","Maio","23","6","Sabado","1"
"20260524","2026-05-24","2026","2","5","Maio","24","0","Domingo","1"
"20260525","2026-05-25","2026","2","5","Maio","25","1","Segunda-feira","0"
"20260526","2026-05-26","2026","2","5","Maio","26","2","Terca-feira","0"
"20260527","2026-05-27","2026","2","5","Maio","27","3","Quarta-feira","0"
"20260528","2026-05-28","2026","2","5","Maio","28","4","Quinta-feira","0"
"20260529","2026-05-29","2026","2","5","Maio","29","5","Sexta-feira","0"
"20260530","2026-05-30","2026","2","5","Maio","30","6","Sabado","1"
"20260531","2026-05-31","2026","2","5","Maio","31","0","Domingo","1"
"20260601","2026-06-01","2026","2","6","Junho","1","1","Segunda-feira","0"
"20260602","2026-06-02","2026","2","6","Junho","2","2","Terca-feira","0"
"20260603","2026-06-03","2026","2","6","Junho","3","3","Quarta-feira","0"
"20260604","2026-06-04","2026","2","6","Junho","4","4","Quinta-feira","0"
"20260605","2026-06-05","2026","2","6","Junho","5","5","Sexta-feira","0"
"20260606","2026-06-06","2026","2","6","Junho","6","6","Sabado","1"
"20260607","2026-06-07","2026","2","6","Junho","7","0","Domingo","1"
"20260608","2026-06-08","2026","2","6","Junho","8","1","Segunda-feira","0"
"20260609","2026-06-09","2026","2","6","Junho","9","2","Terca-feira","0"
"20260610","2026-06-10","2026","2","6","Junho","10","3","Quarta-feira","0"
"20260611","2026-06-11","2026","2","6","Junho","11","4","Quinta-feira","0"
"20260612","2026-06-12","2026","2","6","Junho","12","5","Sexta-feira","0"
"20260613","2026-06-13","2026","2","6","Junho","13","6","Sabado","1"
"20260614","2026-06-14","2026","2","6","Junho","14","0","Domingo","1"
"20260615","2026-06-15","2026","2","6","Junho","15","1","Segunda-feira","0"
"20260616","2026-06-16","2026","2","6","Junho","16","2","Terca-feira","0"
"20260617","2026-06-17","2026","2","6","Junho","17","3","Quarta-feira","0"
"20260618","2026-06-18","2026","2","6","Junho","18","4","Quinta-feira","0"
"20260619","2026-06-19","2026","2","6","Junho","19","5","Sexta-feira","0"
"20260620","2026-06-20","2026","2","6","Junho","20","6","Sabado","1"
"20260621","2026-06-21","2026","2","6","Junho","21","0","Domingo","1"
"20260622","2026-06-22","2026","2","6","Junho","22","1","Segunda-feira","0"
"20260623","2026-06-23","2026","2","6","Junho","23","2","Terca-feira","0"
"20260624","2026-06-24","2026","2","6","Junho","24","3","Quarta-feira","0"
"20260625","2026-06-25","2026","2","6","Junho","25","4","Quinta-feira","0"
"20260626","2026-06-26","2026","2","6","Junho","26","5","Sexta-feira","0"
"20260627","2026-06-27","2026","2","6","Junho","27","6","Sabado","1"
"20260628","2026-06-28","2026","2","6","Junho","28","0","Domingo","1"
"20260629","2026-06-29","2026","2","6","Junho","29","1","Segunda-feira","0"
"20260630","2026-06-30","2026","2","6","Junho","30","2","Terca-feira","0"
"20260701","2026-07-01","2026","3","7","Julho","1","3","Quarta-feira","0"
"20260702","2026-07-02","2026","3","7","Julho","2","4","Quinta-feira","0"
"20260703","2026-07-03","2026","3","7","Julho","3","5","Sexta-feira","0"
"20260704","2026-07-04","2026","3","7","Julho","4","6","Sabado","1"
"20260705","2026-07-05","2026","3","7","Julho","5","0","Domingo","1"
"20260706","2026-07-06","2026","3","7","Julho","6","1","Segunda-feira","0"
"20260707","2026-07-07","2026","3","7","Julho","7","2","Terca-feira","0"
"20260708","2026-07-08","2026","3","7","Julho","8","3","Quarta-feira","0"
"20260709","2026-07-09","2026","3","7","Julho","9","4","Quinta-feira","0"
"20260710","2026-07-10","2026","3","7","Julho","10","5","Sexta-feira","0"
"20260711","2026-07-11","2026","3","7","Julho","11","6","Sabado","1"
"20260712","2026-07-12","2026","3","7","Julho","12","0","Domingo","1"
"20260713","2026-07-13","2026","3","7","Julho","13","1","Segunda-feira","0"
"20260714","2026-07-14","2026","3","7","Julho","14","2","Terca-feira","0"
"20260715","2026-07-15","2026","3","7","Julho","15","3","Quarta-feira","0"
"20260716","2026-07-16","2026","3","7","Julho","16","4","Quinta-feira","0"
"20260717","2026-07-17","2026","3","7","Julho","17","5","Sexta-feira","0"
"20260718","2026-07-18","2026","3","7","Julho","18","6","Sabado","1"
"20260719","2026-07-19","2026","3","7","Julho","19","0","Domingo","1"
"20260720","2026-07-20","2026","3","7","Julho","20","1","Segunda-feira","0"
"20260721","2026-07-21","2026","3","7","Julho","21","2","Terca-feira","0"
"20260722","2026-07-22","2026","3","7","Julho","22","3","Quarta-feira","0"
"20260723","2026-07-23","2026","3","7","Julho","23","4","Quinta-feira","0"
"20260724","2026-07-24","2026","3","7","Julho","24","5","Sexta-feira","0"
"20260725","2026-07-25","2026","3","7","Julho","25","6","Sabado","1"
"20260726","2026-07-26","2026","3","7","Julho","26","0","Domingo","1"
"20260727","2026-07-27","2026","3","7","Julho","27","1","Segunda-feira","0"
"20260728","2026-07-28","2026","3","7","Julho","28","2","Terca-feira","0"
"20260729","2026-07-29","2026","3","7","Julho","29","3","Quarta-feira","0"
"20260730","2026-07-30","2026","3","7","Julho","30","4","Quinta-feira","0"
"20260731","2026-07-31","2026","3","7","Julho","31","5","Sexta-feira","0"
"20260801","2026-08-01","2026","3","8","Agosto","1","6","Sabado","1"
"20260802","2026-08-02","2026","3","8","Agosto","2","0","Domingo","1"
"20260803","2026-08-03","2026","3","8","Agosto","3","1","Segunda-feira","0"
"20260804","2026-08-04","2026","3","8","Agosto","4","2","Terca-feira","0"
"20260805","2026-08-05","2026","3","8","Agosto","5","3","Quarta-feira","0"
"20260806","2026-08-06","2026","3","8","Agosto","6","4","Quinta-feira","0"
"20260807","2026-08-07","2026","3","8","Agosto","7","5","Sexta-feira","0"
"20260808","2026-08-08","2026","3","8","Agosto","8","6","Sabado","1"
"20260809","2026-08-09","2026","3","8","Agosto","9","0","Domingo","1"
"20260810","2026-08-10","2026","3","8","Agosto","10","1","Segunda-feira","0"
"20260811","2026-08-11","2026","3","8","Agosto","11","2","Terca-feira","0"
"20260812","2026-08-12","2026","3","8","Agosto","12","3","Quarta-feira","0"
"20260813","2026-08-13","2026","3","8","Agosto","13","4","Quinta-feira","0"
"20260814","2026-08-14","2026","3","8","Agosto","14","5","Sexta-feira","0"
"20260815","2026-08-15","2026","3","8","Agosto","15","6","Sabado","1"
"20260816","2026-08-16","2026","3","8","Agosto","16","0","Domingo","1"
"20260817","2026-08-17","2026","3","8","Agosto","17","1","Segunda-feira","0"
"20260818","2026-08-18","2026","3","8","Agosto","18","2","Terca-feira","0"
"20260819","2026-08-19","2026","3","8","Agosto","19","3","Quarta-feira","0"
"20260820","2026-08-20","2026","3","8","Agosto","20","4","Quinta-feira","0"
"20260821","2026-08-21","2026","3","8","Agosto","21","5","Sexta-feira","0"
"20260822","2026-08-22","2026","3","8","Agosto","22","6","Sabado","1"
"20260823","2026-08-23","2026","3","8","Agosto","23","0","Domingo","1"
"20260824","2026-08-24","2026","3","8","Agosto","24","1","Segunda-feira","0"
"20260825","2026-08-25","2026","3","8","Agosto","25","2","Terca-feira","0"
"20260826","2026-08-26","2026","3","8","Agosto","26","3","Quarta-feira","0"
"20260827","2026-08-27","2026","3","8","Agosto","27","4","Quinta-feira","0"
"20260828","2026-08-28","2026","3","8","Agosto","28","5","Sexta-feira","0"
"20260829","2026-08-29","2026","3","8","Agosto","29","6","Sabado","1"
"20260830","2026-08-30","2026","3","8","Agosto","30","0","Domingo","1"
"20260831","2026-08-31","2026","3","8","Agosto","31","1","Segunda-feira","0"
"20260901","2026-09-01","2026","3","9","Setembro","1","2","Terca-feira","0"
"20260902","2026-09-02","2026","3","9","Setembro","2","3","Quarta-feira","0"
"20260903","2026-09-03","2026","3","9","Setembro","3","4","Quinta-feira","0"
"20260904","2026-09-04","2026","3","9","Setembro","4","5","Sexta-feira","0"
"20260905","2026-09-05","2026","3","9","Setembro","5","6","Sabado","1"
"20260906","2026-09-06","2026","3","9","Setembro","6","0","Domingo","1"
"20260907","2026-09-07","2026","3","9","Setembro","7","1","Segunda-feira","0"
"20260908","2026-09-08","2026","3","9","Setembro","8","2","Terca-feira","0"
"20260909","2026-09-09","2026","3","9","Setembro","9","3","Quarta-feira","0"
"20260910","2026-09-10","2026","3","9","Setembro","10","4","Quinta-feira","0"
"20260911","2026-09-11","2026","3","9","Setembro","11","5","Sexta-feira","0"
"20260912","2026-09-12","2026","3","9","Setembro","12","6","Sabado","1"
"20260913","2026-09-13","2026","3","9","Setembro","13","0","Domingo","1"
"20260914","2026-09-14","2026","3","9","Setembro","14","1","Segunda-feira","0"
"20260915","2026-09-15","2026","3","9","Setembro","15","2","Terca-feira","0"
"20260916","2026-09-16","2026","3","9","Setembro","16","3","Quarta-feira","0"
"20260917","2026-09-17","2026","3","9","Setembro","17","4","Quinta-feira","0"
"20260918","2026-09-18","2026","3","9","Setembro","18","5","Sexta-feira","0"
"20260919","2026-09-19","2026","3","9","Setembro","19","6","Sabado","1"
"20260920","2026-09-20","2026","3","9","Setembro","20","0","Domingo","1"
"20260921","2026-09-21","2026","3","9","Setembro","21","1","Segunda-feira","0"
"20260922","2026-09-22","2026","3","9","Setembro","22","2","Terca-feira","0"
"20260923","2026-09-23","2026","3","9","Setembro","23","3","Quarta-feira","0"
"20260924","2026-09-24","2026","3","9","Setembro","24","4","Quinta-feira","0"
"20260925","2026-09-25","2026","3","9","Setembro","25","5","Sexta-feira","0"
"20260926","2026-09-26","2026","3","9","Setembro","26","6","Sabado","1"
"20260927","2026-09-27","2026","3","9","Setembro","27","0","Domingo","1"
"20260928","2026-09-28","2026","3","9","Setembro","28","1","Segunda-feira","0"
"20260929","2026-09-29","2026","3","9","Setembro","29","2","Terca-feira","0"
"20260930","2026-09-30","2026","3","9","Setembro","30","3","Quarta-feira","0"
"20261001","2026-10-01","2026","4","10","Outubro","1","4","Quinta-feira","0"
"20261002","2026-10-02","2026","4","10","Outubro","2","5","Sexta-feira","0"
"20261003","2026-10-03","2026","4","10","Outubro","3","6","Sabado","1"
"20261004","2026-10-04","2026","4","10","Outubro","4","0","Domingo","1"
"20261005","2026-10-05","2026","4","10","Outubro","5","1","Segunda-feira","0"
"20261006","2026-10-06","2026","4","10","Outubro","6","2","Terca-feira","0"
"20261007","2026-10-07","2026","4","10","Outubro","7","3","Quarta-feira","0"
"20261008","2026-10-08","2026","4","10","Outubro","8","4","Quinta-feira","0"
"20261009","2026-10-09","2026","4","10","Outubro","9","5","Sexta-feira","0"
"20261010","2026-10-10","2026","4","10","Outubro","10","6","Sabado","1"
"20261011","2026-10-11","2026","4","10","Outubro","11","0","Domingo","1"
"20261012","2026-10-12","2026","4","10","Outubro","12","1","Segunda-feira","0"
"20261013","2026-10-13","2026","4","10","Outubro","13","2","Terca-feira","0"
"20261014","2026-10-14","2026","4","10","Outubro","14","3","Quarta-feira","0"
"20261015","2026-10-15","2026","4","10","Outubro","15","4","Quinta-feira","0"
"20261016","2026-10-16","2026","4","10","Outubro","16","5","Sexta-feira","0"
"20261017","2026-10-17","2026","4","10","Outubro","17","6","Sabado","1"
"20261018","2026-10-18","2026","4","10","Outubro","18","0","Domingo","1"
"20261019","2026-10-19","2026","4","10","Outubro","19","1","Segunda-feira","0"
"20261020","2026-10-20","2026","4","10","Outubro","20","2","Terca-feira","0"
"20261021","2026-10-21","2026","4","10","Outubro","21","3","Quarta-feira","0"
"20261022","2026-10-22","2026","4","10","Outubro","22","4","Quinta-feira","0"
"20261023","2026-10-23","2026","4","10","Outubro","23","5","Sexta-feira","0"
"20261024","2026-10-24","2026","4","10","Outubro","24","6","Sabado","1"
"20261025","2026-10-25","2026","4","10","Outubro","25","0","Domingo","1"
"20261026","2026-10-26","2026","4","10","Outubro","26","1","Segunda-feira","0"
"20261027","2026-10-27","2026","4","10","Outubro","27","2","Terca-feira","0"
"20261028","2026-10-28","2026","4","10","Outubro","28","3","Quarta-feira","0"
"20261029","2026-10-29","2026","4","10","Outubro","29","4","Quinta-feira","0"
"20261030","2026-10-30","2026","4","10","Outubro","30","5","Sexta-feira","0"
"20261031","2026-10-31","2026","4","10","Outubro","31","6","Sabado","1"
"20261101","2026-11-01","2026","4","11","Novembro","1","0","Domingo","1"
"20261102","2026-11-02","2026","4","11","Novembro","2","1","Segunda-feira","0"
"20261103","2026-11-03","2026","4","11","Novembro","3","2","Terca-feira","0"
"20261104","2026-11-04","2026","4","11","Novembro","4","3","Quarta-feira","0"
"20261105","2026-11-05","2026","4","11","Novembro","5","4","Quinta-feira","0"
"20261106","2026-11-06","2026","4","11","Novembro","6","5","Sexta-feira","0"
"20261107","2026-11-07","2026","4","11","Novembro","7","6","Sabado","1"
"20261108","2026-11-08","2026","4","11","Novembro","8","0","Domingo","1"
"20261109","2026-11-09","2026","4","11","Novembro","9","1","Segunda-feira","0"
"20261110","2026-11-10","2026","4","11","Novembro","10","2","Terca-feira","0"
"20261111","2026-11-11","2026","4","11","Novembro","11","3","Quarta-feira","0"
"20261112","2026-11-12","2026","4","11","Novembro","12","4","Quinta-feira","0"
"20261113","2026-11-13","2026","4","11","Novembro","13","5","Sexta-feira","0"
"20261114","2026-11-14","2026","4","11","Novembro","14","6","Sabado","1"
"20261115","2026-11-15","2026","4","11","Novembro","15","0","Domingo","1"
"20261116","2026-11-16","2026","4","11","Novembro","16","1","Segunda-feira","0"
"20261117","2026-11-17","2026","4","11","Novembro","17","2","Terca-feira","0"
"20261118","2026-11-18","2026","4","11","Novembro","18","3","Quarta-feira","0"
"20261119","2026-11-19","2026","4","11","Novembro","19","4","Quinta-feira","0"
"20261120","2026-11-20","2026","4","11","Novembro","20","5","Sexta-feira","0"
"20261121","2026-11-21","2026","4","11","Novembro","21","6","Sabado","1"
"20261122","2026-11-22","2026","4","11","Novembro","22","0","Domingo","1"
"20261123","2026-11-23","2026","4","11","Novembro","23","1","Segunda-feira","0"
"20261124","2026-11-24","2026","4","11","Novembro","24","2","Terca-feira","0"
"20261125","2026-11-25","2026","4","11","Novembro","25","3","Quarta-feira","0"
"20261126","2026-11-26","2026","4","11","Novembro","26","4","Quinta-feira","0"
"20261127","2026-11-27","2026","4","11","Novembro","27","5","Sexta-feira","0"
"20261128","2026-11-28","2026","4","11","Novembro","28","6","Sabado","1"
"20261129","2026-11-29","2026","4","11","Novembro","29","0","Domingo","1"
"20261130","2026-11-30","2026","4","11","Novembro","30","1","Segunda-feira","0"
"20261201","2026-12-01","2026","4","12","Dezembro","1","2","Terca-feira","0"
"20261202","2026-12-02","2026","4","12","Dezembro","2","3","Quarta-feira","0"
"20261203","2026-12-03","2026","4","12","Dezembro","3","4","Quinta-feira","0"
"20261204","2026-12-04","2026","4","12","Dezembro","4","5","Sexta-feira","0"
"20261205","2026-12-05","2026","4","12","Dezembro","5","6","Sabado","1"
"20261206","2026-12-06","2026","4","12","Dezembro","6","0","Domingo","1"
"20261207","2026-12-07","2026","4","12","Dezembro","7","1","Segunda-feira","0"
"20261208","2026-12-08","2026","4","12","Dezembro","8","2","Terca-feira","0"
"20261209","2026-12-09","2026","4","12","Dezembro","9","3","Quarta-feira","0"
"20261210","2026-12-10","2026","4","12","Dezembro","10","4","Quinta-feira","0"
"20261211","2026-12-11","2026","4","12","Dezembro","11","5","Sexta-feira","0"
"20261212","2026-12-12","2026","4","12","Dezembro","12","6","Sabado","1"
"20261213","2026-12-13","2026","4","12","Dezembro","13","0","Domingo","1"
"20261214","2026-12-14","2026","4","12","Dezembro","14","1","Segunda-feira","0"
"20261215","2026-12-15","2026","4","12","Dezembro","15","2","Terca-feira","0"
"20261216","2026-12-16","2026","4","12","Dezembro","16","3","Quarta-feira","0"
"20261217","2026-12-17","2026","4","12","Dezembro","17","4","Quinta-feira","0"
"20261218","2026-12-18","2026","4","12","Dezembro","18","5","Sexta-feira","0"
"20261219","2026-12-19","2026","4","12","Dezembro","19","6","Sabado","1"
"20261220","2026-12-20","2026","4","12","Dezembro","20","0","Domingo","1"
"20261221","2026-12-21","2026","4","12","Dezembro","21","1","Segunda-feira","0"
"20261222","2026-12-22","2026","4","12","Dezembro","22","2","Terca-feira","0"
"20261223","2026-12-23","2026","4","12","Dezembro","23","3","Quarta-feira","0"
"20261224","2026-12-24","2026","4","12","Dezembro","24","4","Quinta-feira","0"
"20261225","2026-12-25","2026","4","12","Dezembro","25","5","Sexta-feira","0"
"20261226","2026-12-26","2026","4","12","Dezembro","26","6","Sabado","1"
"20261227","2026-12-27","2026","4","12","Dezembro","27","0","Domingo","1"
"20261228","2026-12-28","2026","4","12","Dezembro","28","1","Segunda-feira","0"
"20261229","2026-12-29","2026","4","12","Dezembro","29","2","Terca-feira","0"
"20261230","2026-12-30","2026","4","12","Dezembro","30","3","Quarta-feira","0"
"20261231","2026-12-31","2026","4","12","Dezembro","31","4","Quinta-feira","0"
"-1","(sem data)","-1","-1","-1","","-1","-1","","-1"
